SKU,Demand
AN202-ORANGE-L,2
AN202-ORANGE-M,2
AN202-ORANGE-S,2
AN202-ORANGE-XL,2
AN202-ORANGE-XXL,2
AN204-PURPLE-M,2
AN205-YELLOW-L,2
AN205-YELLOW-M,2
AN205-YELLOW-S,2
AN209-BIEGE-XXL,2
BL009-61BLACK,4
BL011-62PINK,2
BL013-62BLACK,2
BL014,2
BL020-71RED,8
BL023-74PINK,2
BL024-74RED,2
BL025-74BLACK,2
BL026-74BEIGE,2
BL030-78BEIGE,8
BL050-83RED,2
BL055-164GOLD,2
BL078-87BLACK,8
BL084-187GOLD,8
BL085-L,6
BL085-M,4
BL085-XL,4
BL085-XXL,4
BL086-L,4
BL086-M,4
BL086-S,4
BL086-XL,4
BL086-XS,4
BL087-L,6
BL087-M,6
BL087-XL,4
BL087-XXL,4
BL091-XL,2
BL092-L,4
BL092-M,4
BL092-XL,4
BL092-XXL,4
BL093-L,6
BL093-M,6
BL093-S,4
BL093-XL,4
BL093-XS,4
BL097-L,2
BL097-M,4
BL097-XL,4
BL097-XXL,2
BL098-M,2
BL099-L,2
BL099-M,2
BL099-XL,8
BL099-XXL,6
BL100-L,6
BL100-M,4
BL100-S,4
BL100-XL,4
BL100-XS,4
BL102-M,2
BL103-M,2
BL103-S,2
BL103-XXL,4
BL104-L,2
BL104-M,6
BL104-S,2
BL104-XL,8
BL104-XXL,4
BL107-L,4
BL107-M,4
BL107-XL,4
BL107-XXL,4
BL109-L,2
BL109-M,2
BL109-XL,2
BL110-L,4
BL110-M,4
BL110-S,4
BL110-XL,4
BL110-XS,4
BL111-L,4
BL111-M,4
BL111-S,4
BL111-XL,4
BL111-XS,4
BL113-L,4
BL113-M,4
BL113-S,4
BL113-XL,4
BL113-XS,4
BTM002-XS,6
BTM003-L,4
BTM003-M,2
BTM003-S,2
BTM003-XXL,6
BTM003-XXXL,6
BTM005-S,8
BTM005-XS,8
BTM008-L,4
BTM008-M,8
BTM008-S,4
BTM008-XL,4
BTM008-XS,4
BTM008-XXXL,8
BTM021-M,8
BTM021-S,6
BTM021-XS,6
BTM026-NP-L,6
BTM026-NP-M,2
BTM026-NP-S,2
BTM026-NP-XXL,2
BTM027-NP-M,6
BTM027-NP-S,6
BTM027-NP-XS,6
BTM027-NP-XXL,6
BTM027-NP-XXXL,6
BTM029-NP-L,6
BTM029-NP-M,2
BTM029-NP-XL,6
BTM029-NP-XXXL,8
BTM030-NP-L,6
BTM030-NP-M,2
BTM030-NP-S,2
BTM030-NP-XL,6
BTM030-NP-XS,2
BTM030-NP-XXL,6
BTM030-NP-XXXL,6
BTM031-NP-M,4
BTM031-NP-S,2
BTM031-NP-XL,2
BTM031-NP-XL.,4
BTM031-NP-XS,2
BTM032-NP-XL,4
BTM032-NP-XXXL,6
BTM033-NP-L,2
BTM033-NP-XL,2
BTM035-NP-L,2
BTM035-NP-M,2
BTM035-NP-S,2
BTM035-NP-XL,2
BTM035-NP-XS,2
BTM035-NP-XXL,4
BTM035-NP-XXXL,2
BTM036-PP-L,4
BTM036-PP-XL,4
BTM036-PP-XXL,4
BTM036-PP-XXXL,4
BTM037-PP-L,4
BTM037-PP-XXXL,4
BTM038-PP-M,8
BTM038-PP-XS,2
BTM038-PP-XXL,4
BTM038-PP-XXXL,8
BTM039-PP-S,6
BTM039-PP-XS,2
BTM039-PP-XXL,8
BTM039-PP-XXXL,4
BTM040-PP-L,6
BTM040-PP-M,2
BTM040-PP-S,2
BTM040-PP-XL,6
BTM040-PP-XS,2
BTM040-PP-XXL,6
BTM040-PP-XXXL,6
BTM041-PP-L,2
BTM041-PP-M,2
BTM041-PP-S,2
BTM041-PP-XL,2
BTM041-PP-XS,2
BTM041-PP-XXL,2
BTM041-PP-XXXL,2
BTM042-PP-S,2
BTM042-PP-XS,2
BTM042-PP-XXL,6
BTM043-PP-L,4
BTM043-PP-M,4
BTM043-PP-XL,4
BTM044-PP-L,8
BTM044-PP-XL,8
BTM044-PP-XXL,8
BTM044-PP-XXXL,8
BTM045-PP-L,2
BTM045-PP-M,2
BTM045-PP-S,2
BTM045-PP-XL,2
BTM045-PP-XS,2
BTM045-PP-XXL,2
BTM045-PP-XXXL,2
BTM046-PP-M,4
BTM046-PP-S,2
BTM046-PP-XL,8
BTM046-PP-XXL,6
BTM046-PP-XXXL,8
BTM047-PP-M,2
BTM047-PP-S,2
BTM047-PP-XS,2
BTM048-PP-L,4
BTM048-PP-XXL,8
CH202-ORANGE-L,2
CH202-ORANGE-M,2
CH202-ORANGE-S,2
CH202-ORANGE-XL,2
CH202-ORANGE-XXL,2
CH205-YELLOW-XXL,2
CH207-PINK-XXL,2
CH208-MUSTARD-M,2
CH208-MUSTARD-XXL,2
CH209-BIEGE-S,2
CH209-BIEGE-XXL,4
CH213-BROWN-M,2
CH213-BROWN-S,2
CH213-BROWN-XXL,2
CMB5-JNE3829,4
CMB5-JNE3831,6
CMB5-JNE3832,8
CMB5-JNE3843,6
CMB5-JNE3847,8
CMB5-JNE3850,4
CMB5-JNE3851,8
CMB5-JNE3857,2
CMB5-JNE3858,6
J0001-DR-M,6
J0001-DR-XS,2
J0001-DR-XXL,4
J0002-SKD-S,8
J0002-SKD-XL,4
J0002-SKD-XS,4
J0002-SKD-XXL,8
J0002-SKD-XXXL,4
J0003-SET-L,4
J0003-SET-M,4
J0003-SET-S,4
J0003-SET-XL,4
J0003-SET-XS,8
J0003-SET-XXL,8
J0003-SET-XXXL,8
J0004-SKD-L,6
J0004-SKD-M,6
J0004-SKD-S,2
J0004-SKD-XL,2
J0004-SKD-XS,4
J0004-SKD-XXL,2
J0005-DR-L,2
J0005-DR-M,2
J0005-DR-S,4
J0005-DR-XL,4
J0005-DR-XXXL,6
J0006-SET-L,8
J0006-SET-S,4
J0007-SKD-L,6
J0007-SKD-M,4
J0007-SKD-S,2
J0007-SKD-XL,2
J0007-SKD-XXL,4
J0007-SKD-XXXL,2
J0008-SKD-L,2
J0008-SKD-S,8
J0008-SKD-XL,4
J0008-SKD-XS,2
J0009-SKD-M,8
J0009-SKD-S,6
J0009-SKD-XL,4
J0009-SKD-XS,6
J0009-SKD-XXXL,8
J0010-LCD-L,2
J0011-LCD-L,4
J0011-LCD-M,4
J0011-LCD-S,2
J0011-LCD-XL,4
J0011-LCD-XXL,4
J0012-SKD-XS,6
J0013-SKD-M,4
J0013-SKD-S,4
J0013-SKD-XL,2
J0013-SKD-XXL,4
J0013-SKD-XXXL,2
J0014-LCD-S,8
J0014-LCD-XS,4
J0014-LCD-XXL,8
J0014-LCD-XXXL,8
J0016-DR-L,2
J0016-DR-M,2
J0016-DR-S,2
J0016-DR-XL,2
J0016-DR-XS,2
J0016-DR-XXL,2
J0016-DR-XXXL,2
J0021-TP-L,4
J0021-TP-M,2
J0021-TP-S,2
J0021-TP-XL,6
J0021-TP-XXL,4
J0021-TP-XXXL,4
J0022-KR-L,2
J0022-KR-M,2
J0022-KR-S,2
J0022-KR-XL,2
J0022-KR-XS,2
J0022-KR-XXL,2
J0022-KR-XXXL,2
J0023-TP-L,4
J0023-TP-M,4
J0023-TP-S,2
J0023-TP-XL,8
J0023-TP-XS,4
J0024-KR-XXXL,6
J0025-DR-L,2
J0025-DR-XL,2
J0025-DR-XXL,2
J0033-KR-L,6
J0033-KR-M,2
J0033-KR-S,2
J0033-KR-XL,6
J0033-KR-XXL,4
J0033-KR-XXXL,2
J0034-SET-L,2
J0034-SET-XL,2
J0034-SET-XS,4
J0034-SET-XXL,2
J0035-KR-L,4
J0035-KR-M,2
J0035-KR-S,2
J0035-KR-XL,2
J0035-KR-XXL,2
J0036-TP-XL,2
J0037-KR-L,8
J0037-KR-M,4
J0037-KR-S,6
J0037-KR-XL,8
J0037-KR-XXL,8
J0037-KR-XXXL,6
J0041-SET-S,6
J0041-SET-XS,4
J0042-DR-L,2
J0042-DR-M,8
J0042-DR-XL,8
J0042-DR-XS,4
J0042-DR-XXXL,2
J0043-SET-XL,4
J0048-TP-L,2
J0048-TP-M,2
J0048-TP-XL,2
J0057-DR-L,2
J0057-DR-M,2
J0057-DR-XL,2
J0057-DR-XXL,2
J0073-KR-L,6
J0077-SKD-L,6
J0077-SKD-M,4
J0077-SKD-XXL,2
J0077-SKD-XXXL,2
J0078-SET-L,4
J0078-SET-M,2
J0078-SET-S,2
J0078-SET-XL,4
J0078-SET-XXL,4
J0078-SET-XXXL,2
J0079-SKD-L,4
J0079-SKD-M,4
J0079-SKD-S.,2
J0079-SKD-XL,4
J0080-TP-L,2
J0080-TP-M,6
J0080-TP-S,6
J0080-TP-XL,6
J0080-TP-XS,6
J0080-TP-XXL,6
J0080-TP-XXXL,6
J0081-DR-XS,4
J0081-DR-XXXL,4
J0083-KR-L,6
J0083-KR-XL,8
J0083-KR-XS,2
J0083-KR-XXL,6
J0083-KR-XXXL,6
J0084-TP-L,4
J0084-TP-M,6
J0084-TP-S,4
J0084-TP-XL,4
J0084-TP-XS,2
J0084-TP-XXL,4
J0084-TP-XXXL,2
J0085-TP-XL,4
J0085-TP-XXL,4
J0086-DR-XS,6
J0087-TP-L,2
J0087-TP-M,6
J0087-TP-S,2
J0087-TP-XL,6
J0087-TP-XXL,2
J0087-TP-XXXL,2
J0088-TP-M,2
J0089-TP-XL,4
J0090-TP-L,4
J0090-TP-S,4
J0090-TP-XL,8
J0090-TP-XXL,4
J0090-TP-XXXL,4
J0091-TP-L,6
J0091-TP-M,2
J0091-TP-S,4
J0091-TP-XL,6
J0091-TP-XXL,6
J0091-TP-XXXL,2
J0092-SET-L,6
J0092-SET-M,2
J0092-SET-S,2
J0092-SET-XL,2
J0092-SET-XXL,2
J0092-SET-XXXL,2
J0093-DR-L,8
J0093-DR-M,8
J0093-DR-S,2
J0093-DR-XS,2
J0093-DR-XXXL,8
J0094-KR-XS,6
J0095-SET-XXL,4
J0096-KR-L,8
J0096-KR-S,4
J0096-KR-XL,8
J0096-KR-XS,4
J0096-KR-XXL,8
J0096-KR-XXXL,8
J0097-KR-XS,8
J0097-KR-XXL,8
J0097-KR-XXXL,8
J0098-TP-L,8
J0098-TP-M,4
J0098-TP-S,2
J0098-TP-XL,4
J0098-TP-XS,2
J0098-TP-XXL,4
J0098-TP-XXXL,2
J0100-DR-L,4
J0101-DR-M,6
J0101-DR-S,6
J0101-DR-XL,8
J0101-DR-XXXL,6
J0102-L,4
J0102-M,4
J0102-S,4
J0102-SKD-L,8
J0102-SKD-S,4
J0102-XL,4
J0102-XXL,4
J0103-SKD-L,6
J0103-SKD-M,6
J0103-SKD-S,4
J0103-SKD-XL,6
J0103-SKD-XXL,4
J0104-KR-L,2
J0104-KR-XL,2
J0104-KR-XXL,2
J0104-KR-XXXL,2
J0105-KR-L,8
J0105-KR-M,8
J0105-KR-S,8
J0105-KR-XL,8
J0105-KR-XXL,8
J0105-KR-XXXL,4
J0108-SKD-XXL,2
J0109-SKD-M,6
J0109-SKD-S,2
J0109-SKD-XL,6
J0109-SKD-XS,6
J0109-SKD-XXL,2
J0109-SKD-XXXL,2
J0110-SKD-L,4
J0110-SKD-S,4
J0110-SKD-XL,4
J0110-SKD-XS,2
J0110-SKD-XXXL,4
J0112-TP-L,4
J0112-TP-M,4
J0112-TP-S,4
J0112-TP-XL,4
J0112-TP-XXL,4
J0113-TP-L,4
J0113-TP-M,4
J0113-TP-S,4
J0113-TP-XL,4
J0113-TP-XXXL,4
J0114-TP-L,4
J0114-TP-M,2
J0114-TP-S,2
J0114-TP-XL,4
J0114-TP-XS,2
J0114-TP-XXL,4
J0114-TP-XXXL,4
J0115-TP-L,4
J0115-TP-XXL,4
J0115-TP-XXXL,4
J0116-TP-M,2
J0116-TP-XL,2
J0117-TP-L,2
J0117-TP-M,2
J0117-TP-S,2
J0117-TP-XL,2
J0117-TP-XS,2
J0117-TP-XXL,4
J0117-TP-XXXL,2
J0119-TP-S,8
J0119-TP-XS,8
J0119-TP-XXL,6
J0119-TP-XXXL,6
J0120-TP-S,8
J0120-TP-XS,8
J0121-TP-L,2
J0121-TP-M,4
J0121-TP-S,4
J0121-TP-XL,2
J0121-TP-XS,2
J0121-TP-XXL,2
J0121-TP-XXXL,2
J0122-TP-L,2
J0122-TP-XL,4
J0122-TP-XXL,2
J0122-TP-XXXL,4
J0123-TP-L,6
J0123-TP-M,8
J0123-TP-S,6
J0123-TP-XL,6
J0123-TP-XS,2
J0123-TP-XXL,4
J0123-TP-XXXL,4
J0126-SKD-S,8
J0126-SKD-XL,6
J0126-SKD-XS,2
J0126-SKD-XXL,2
J0126-SKD-XXXL,2
J0127-SKD-M,2
J0127-SKD-S,2
J0127-SKD-XS,2
J0127-SKD-XXL,8
J0127-SKD-XXXL,2
J0129-SET-XXXL,4
J0130-SET-XS,4
J0130-SET-XXXL,6
J0131-KR-M,8
J0131-KR-S,4
J0131-KR-XL,4
J0131-KR-XS,4
J0131-KR-XXL,6
J0132-KR-L,4
J0132-KR-M,4
J0132-KR-S,8
J0132-KR-XXXL,6
J0133-KR-XXL,6
J0134-SET-L,2
J0134-SET-M,2
J0134-SET-S,2
J0134-SET-XL,2
J0134-SET-XS,2
J0134-SET-XXL,2
J0134-SET-XXXL,4
J0135-SET-L,4
J0135-SET-M,4
J0135-SET-XL,4
J0135-SET-XXL,4
J0136-KR-L,8
J0136-KR-S,8
J0136-KR-XL,8
J0136-KR-XS,4
J0136-KR-XXL,4
J0137-SET-L,4
J0137-SET-M,2
J0137-SET-S,2
J0137-SET-XL,2
J0137-SET-XS,2
J0137-SET-XXL,2
J0137-SET-XXXL,2
J0138-KR-L,8
J0138-KR-M,6
J0138-KR-XL,6
J0138-KR-XS,2
J0138-KR-XXXL,8
J0139-KR-S,6
J0139-KR-XL,6
J0139-KR-XS,4
J0139-KR-XXL,8
J0140-SET-M,4
J0140-SET-XS,2
J0140-SET-XXXL,4
J0142-KR-L,2
J0142-KR-M,4
J0142-KR-S,4
J0142-KR-XL,4
J0142-KR-XS,2
J0142-KR-XXL,4
J0142-KR-XXXL,2
J0143-SET-L,4
J0143-SET-M,2
J0143-SET-S,4
J0143-SET-XL,2
J0143-SET-XXL,4
J0144-SET-L,2
J0144-SET-M,2
J0144-SET-S,2
J0144-SET-XL,2
J0144-SET-XS,2
J0144-SET-XXL,2
J0145-SET-L,4
J0145-SET-S,4
J0145-SET-XL,4
J0145-SET-XXL,4
J0147-SET-M,8
J0147-SET-S,8
J0147-SET-XL,6
J0147-SET-XS,4
J0147-SET-XXL,6
J0147-SET-XXXL,6
J0148-SET-M,2
J0148-SET-S,4
J0148-SET-XL,4
J0148-SET-XS,2
J0148-SET-XXL,4
J0151-KR-L,6
J0151-KR-M,4
J0151-KR-S,8
J0151-KR-XL,4
J0151-KR-XXL,4
J0151-KR-XXXL,4
J0152-DR-L,6
J0152-DR-XL,4
J0152-DR-XS,6
J0152-DR-XXL,4
J0152-DR-XXXL,4
J0153-DR-L,4
J0153-DR-M,8
J0153-DR-S,4
J0153-DR-XS,2
J0153-DR-XXL,4
J0153-DR-XXXL,4
J0154-DR-L,4
J0154-DR-M,4
J0154-DR-S,4
J0154-DR-XL,4
J0154-DR-XS,8
J0154-DR-XXL,2
J0154-DR-XXXL,2
J0157-DR-L,4
J0157-DR-M,8
J0157-DR-S,6
J0157-DR-XL,8
J0158-DR-L,2
J0158-DR-M,2
J0158-DR-S,2
J0158-DR-XL,2
J0158-DR-XS,4
J0158-DR-XXL,8
J0158-DR-XXXL,2
J0159-DR-L,4
J0159-DR-M,4
J0159-DR-S,4
J0159-DR-XS,4
J0159-DR-XXL,4
J0159-DR-XXXL,4
J0161-DR-L,4
J0161-DR-M,4
J0161-DR-S,6
J0161-DR-XL,6
J0161-DR-XS.,2
J0161-DR-XXL,4
J0161-DR-XXXL,6
J0162-SKD-M,6
J0164-DR-M,4
J0165-TP-L,6
J0165-TP-M,4
J0165-TP-S,4
J0165-TP-XL,4
J0165-TP-XXL,4
J0166-DR-L,2
J0166-DR-M,2
J0166-DR-S,2
J0166-DR-XL,2
J0166-DR-XS,2
J0166-DR-XXL,2
J0167-KR-L,4
J0167-KR-M,4
J0167-KR-S,4
J0167-KR-XL,4
J0167-KR-XXL,4
J0170-TP-L,6
J0170-TP-M,4
J0170-TP-XL,2
J0171-DR-L,6
J0171-DR-M,4
J0171-DR-S,2
J0171-DR-XL,6
J0171-DR-XS,2
J0171-DR-XXL,8
J0171-DR-XXXL,6
J0172-TP-XS,2
J0172-TP-XXXL.,6
J0173-DR-L,4
J0173-DR-M,2
J0173-DR-S,2
J0173-DR-XL,2
J0173-DR-XXL,4
J0173-DR-XXXL,2
J0174-TP-L,4
J0174-TP-M,6
J0174-TP-XL,4
J0174-TP-XXXL,4
J0175-KR-M,2
J0176-TP-S,4
J0176-TP-XS,2
J0176-TP-XXL,8
J0177-KR-L,6
J0177-KR-M,2
J0177-KR-XL,4
J0177-KR-XXL,2
J0177-KR-XXXL,6
J0178-TP-XS,6
J0178-TP-XXXL,6
J0179-KR-L,8
J0179-KR-M,4
J0179-KR-S,4
J0179-KR-XL,4
J0179-KR-XXL,4
J0179-KR-XXXL,2
J0180-DR-L,2
J0180-DR-M,2
J0180-DR-S,2
J0180-DR-XL,2
J0180-DR-XXL,4
J0182-SET-L,2
J0182-SET-M,4
J0182-SET-XXL,2
J0183-TP-M,6
J0183-TP-S,4
J0183-TP-XL,4
J0183-TP-XS,2
J0183-TP-XXL,6
J0183-TP-XXXL,4
J0184-KR-L,4
J0184-KR-XL,4
J0185-DR-L,6
J0185-DR-M,6
J0185-DR-S,6
J0185-DR-XL,6
J0185-DR-XXL,4
J0186-SET-L,4
J0186-SET-M,8
J0186-SET-S,2
J0186-SET-XL,4
J0186-SET-XS,4
J0186-SET-XXL,6
J0186-SET-XXXL,4
J0187-KR-L,4
J0187-KR-M,2
J0187-KR-S,2
J0187-KR-XL,2
J0187-KR-XS,2
J0187-KR-XXL,2
J0187-KR-XXXL,2
J0188-KR-L,4
J0188-KR-XS,2
J0188-KR-XXL,4
J0188-KR-XXXL,2
J0189-TP-L,2
J0189-TP-M,2
J0189-TP-S,2
J0189-TP-XL,2
J0189-TP-XS,2
J0189-TP-XXL,2
J0189-TP-XXXL,2
J0190-TP-L,2
J0190-TP-XL,2
J0190-TP-XXXL,2
J0192-TP-XL,4
J0192-TP-XS,4
J0192-TP-XXL,4
J0194-DR-S,6
J0194-DR-XL,8
J0194-DR-XXL,8
J0194-DR-XXXL,2
J0195-TP-L,6
J0195-TP-M,4
J0195-TP-S,4
J0195-TP-XL,6
J0195-TP-XS,4
J0195-TP-XXL,6
J0195-TP-XXXL,6
J0196-TP-M,8
J0196-TP-S,6
J0196-TP-XS,6
J0196-TP-XXXL,2
J0197-TP-XS,6
J0197-TP-XXL,6
J0197-TP-XXXL,8
J0198-TP-M,8
J0198-TP-S,8
J0198-TP-XL,8
J0198-TP-XS,4
J0199-SET-M,2
J0199-SET-S,2
J0199-SET-XS,2
J0201-TP-XS,8
J0202-TP-S,4
J0202-TP-XS,4
J0202-TP-XXXL,4
J0203-TP-M,8
J0203-TP-S,8
J0203-TP-XXL,4
J0203-TP-XXXL,8
J0204-TP-L,2
J0204-TP-M,4
J0204-TP-XL,4
J0205-TP-L,4
J0205-TP-M,4
J0205-TP-XL,8
J0205-TP-XXL,4
J0205-TP-XXXL,8
J0207-DR-L,4
J0207-DR-M,4
J0207-DR-XL,8
J0207-DR-XXL,6
J0208-DR-L,6
J0208-DR-M,6
J0208-DR-S,2
J0208-DR-XL,6
J0208-DR-XXL,4
J0209-DR-L,4
J0209-DR-M,2
J0209-DR-S,2
J0209-DR-XL,4
J0209-DR-XS,2
J0209-DR-XXL,2
J0210-DR-L,8
J0210-DR-S,4
J0210-DR-XL1J0210-DR-XL,2
J0210-DR-XXL,8
J0210-DR-XXXL,4
J0211-DR-M,6
J0211-DR-S,6
J0211-DR-XL,6
J0211-DR-XS,2
J0211-DR-XXL,6
J0211-DR-XXXL,2
J0212-DR-M,8
J0212-DR-S,4
J0212-DR-XS,2
J0212-DR-XXL,8
J0212-DR-XXXL,2
J0213-TP-S,2
J0213-TP-XL,6
J0213-TP-XXL,4
J0214-TP-S,4
J0214-TP-XL,8
J0214-TP-XS,6
J0217-BL-XXL,4
J0224-SKD-L,4
J0224-SKD-M,4
J0224-SKD-S,4
J0224-SKD-XL,4
J0224-SKD-XS,4
J0224-SKD-XXL,4
J0224-SKD-XXXL,4
J0225-SKD-L,8
J0225-SKD-S,8
J0225-SKD-XL,8
J0225-SKD-XS,4
J0225-SKD-XXL,8
J0225-SKD-XXXL,4
J0226-SKD-L,4
J0226-SKD-M,4
J0226-SKD-S,4
J0226-SKD-XL,4
J0226-SKD-XS,4
J0226-SKD-XXXL,4
J0228-SKD-S,6
J0230-SKD-XL,2
J0230-SKD-XS,6
J0232-SKD-L,4
J0232-SKD-XL,2
J0233-SKD-L,2
J0234-SKD-L,2
J0234-SKD-XXL,2
J0235-SKD-L,4
J0235-SKD-M,4
J0235-SKD-S,4
J0235-SKD-XL,4
J0235-SKD-XXL,4
J0235-SKD-XXXL,4
J0236-SKD-L,8
J0236-SKD-S,4
J0236-SKD-XS,2
J0236-SKD-XXL,4
J0237-SKD-S,8
J0237-SKD-XL,6
J0237-SKD-XS,4
J0237-SKD-XXL,8
J0238-LCD-M,2
J0239-SKD-S,4
J0239-SKD-XL,8
J0239-SKD-XS,2
J0239-SKD-XXL,4
J0240-SKD-L,2
J0240-SKD-M,2
J0240-SKD-S,2
J0240-SKD-XL,2
J0240-SKD-XS,4
J0240-SKD-XXL,2
J0240-SKD-XXXL,2
J0241-SKD-L,8
J0241-SKD-S,6
J0241-SKD-XL,8
J0241-SKD-XS,2
J0241-SKD-XXL,4
J0244-SKD-M,4
J0244-SKD-XL,4
J0244-SKD-XXL,4
J0245-SKD-L,4
J0245-SKD-M,4
J0245-SKD-XL,4
J0246-SKD-S,8
J0246-SKD-XL,6
J0246-SKD-XS,2
J0246-SKD-XXL,6
J0246-SKD-XXXL,8
J0247-SKD-XS,4
J0248-SET-L,4
J0248-SET-M,8
J0248-SET-S,8
J0248-SET-XL,4
J0248-SET-XS,4
J0248-SET-XXL,4
J0248-SET-XXXL,8
J0249-SKD-L,8
J0249-SKD-S,4
J0249-SKD-XL,4
J0249-SKD-XXXL,8
J0250-SKD-L,6
J0250-SKD-M,4
J0250-SKD-XL,4
J0251-SKD-XL,6
J0252-SKD-M,4
J0254-SKD-L,6
J0254-SKD-XXL,6
J0277-SKD-XS,6
J0277-SKD-XXXL,4
J0278-SET-S,6
J0278-SET-XXL,2
J0278-SET-XXXL,2
J0279-SET-L,6
J0279-SET-M,6
J0279-SET-XL,4
J0279-SET-XXL,2
J0279-SET-XXXL,2
J0280-SKD-XXL,4
J0280-SKD-XXXL,4
J0281-SKD-L,2
J0281-SKD-M,6
J0281-SKD-S,2
J0281-SKD-XL,2
J0281-SKD-XS,2
J0281-SKD-XXL,2
J0281-SKD-XXXL,2
J0282-SET-XL,6
J0282-SET-XXL,4
J0282-SET-XXXL,4
J0283-SET-M,6
J0283-SET-S,6
J0283-SET-XL,6
J0283-SET-XXL,6
J0284-SKD-XXXL,8
J0285-SKD-XL,6
J0285-SKD-XXL,4
J0285-SKD-XXXL,4
J0291-JS-L,2
J0292-TP-L,6
J0292-TP-M,4
J0292-TP-S,4
J0292-TP-XL,6
J0292-TP-XS,6
J0292-TP-XXXL,6
J0293-DR-M,4
J0293-DR-XS,2
J0294-TP-M,4
J0294-TP-XL,4
J0294-TP-XXXL,4
J0295-DR-M,8
J0295-DR-S,6
J0295-DR-XL,2
J0295-DR-XXL,2
J0295-DR-XXXL,4
J0296-DR-M,4
J0296-DR-S,8
J0296-DR-XL,4
J0296-DR-XXL,4
J0297-TP-L,6
J0297-TP-M,4
J0297-TP-S,4
J0297-TP-XL,4
J0297-TP-XS,8
J0297-TP-XXL,8
J0298-DR-L,4
J0300-TP-XXL,4
J0301-TP-L,4
J0301-TP-XXL,4
J0301-TP-XXXL,6
J0302-DR-L,2
J0302-DR-S,4
J0302-DR-XL,4
J0302-DR-XXXL,4
J0303-KR-L,4
J0303-KR-M,4
J0304-TP-L,4
J0304-TP-M,4
J0304-TP-XL,4
J0304-TP-XXL,4
J0304-TP-XXXL,6
J0305-DR-L,4
J0305-DR-S,4
J0306-DR-M,8
J0306-DR-XL,8
J0307-TP-L,2
J0307-TP-M,8
J0307-TP-S,2
J0307-TP-XL,2
J0307-TP-XXL,6
J0308-DR-M,2
J0310-TP-XXL,2
J0328-KR-L,4
J0328-KR-M,4
J0328-KR-S,4
J0328-KR-XL,4
J0328-KR-XS,4
J0328-KR-XXXL,4
J0329-KR-M,4
J0329-KR-S,2
J0329-KR-XL,2
J0332-DR-L,8
J0332-DR-S,4
J0332-DR-XL,8
J0332-DR-XXL,4
J0332-DR-XXXL,4
J0333-DR-M,6
J0333-DR-S,4
J0333-DR-XL,4
J0333-DR-XXL,4
J0334-TP-L,4
J0334-TP-M,4
J0334-TP-XL,4
J0335-DR-S,8
J0335-DR-XS,4
J0335-DR-XXXL,2
J0336-TP-S,4
J0336-TP-XXL,8
J0336-TP-XXXL,4
J0337-TP-L,6
J0337-TP-XL,4
J0338-DR-L,6
J0338-DR-M,2
J0338-DR-S,2
J0338-DR-XL,2
J0338-DR-XXL,2
J0339-DR-M,4
J0339-DR-XL,4
J0339-DR-XS,2
J0339-DR-XXXL,4
J0341-DR-M,4
J0341-DR-S,2
J0341-DR-XL,4
J0341-DR-XXL,4
J0342-TP-L,4
J0342-TP-XL,4
J0342-TP-XXXL,4
J0343-DR-L,2
J0343-DR-M,2
J0344-TP-XL,4
J0344-TP-XXL,4
J0345-SET-L,4
J0345-SET-M,4
J0345-SET-XL,4
J0345-SET-XXL,4
J0346-SET-L,2
J0346-SET-XL,2
J0347-SET-L,4
J0347-SET-M,4
J0347-SET-S,8
J0347-SET-XL,4
J0347-SET-XXL,4
J0348-SET-S,4
J0349-SET-S,4
J0350-SET-L,6
J0350-SET-M,4
J0350-SET-S,4
J0350-SET-XL,4
J0350-SET-XS,2
J0350-SET-XXL,4
J0351-SET-L,4
J0351-SET-M,4
J0351-SET-S,4
J0351-SET-XL,4
J0351-SET-XS,4
J0351-SET-XXL,4
J0351-SET-XXXL,4
J0352-KR-L,2
J0352-KR-M,8
J0352-KR-S,2
J0352-KR-XXL,6
J0353-KR-L,2
J0353-KR-M,2
J0353-KR-S,2
J0353-KR-XL,2
J0353-KR-XXL,2
J0354-KR-L,4
J0354-KR-M,4
J0354-KR-S,4
J0354-KR-XL,4
J0354-KR-XXL,4
J0369-SKD-L,4
J0369-SKD-S,4
J0370-SKD-M,4
J0370-SKD-S,4
J0370-SKD-XL,4
J0370-SKD-XXL,4
J0370-SKD-XXXL,8
J0371-SKD-M,4
J0372-SKD-L,4
J0372-SKD-M,4
J0373-KR-L,4
J0373-KR-M,6
J0374-KR-L,2
J0374-KR-XL,4
J0374-KR-XXL,4
J0375-SKD-L,4
J0375-SKD-M,4
J0375-SKD-S,4
J0375-SKD-XL,4
J0375-SKD-XS,4
J0375-SKD-XXL,4
J0375-SKD-XXXL,4
J0379-SKD-L,4
J0379-SKD-XXL,4
J0380-SKD-L,4
J0380-SKD-XXL,4
J0381-SKD-XL,2
J0382-SKD-L,4
J0382-SKD-M,6
J0382-SKD-XXL,4
J0395-DR-M,2
J0395-DR-S,2
J0396-DR-L,8
J0396-DR-S,2
J0396-DR-SC,2
J0396-DR-XS,2
J0397-DR-M,8
J0397-DR-S,6
J0398-DR-L,6
J0398-DR-M,6
J0398-DR-S,4
J0398-DR-XL,4
J0398-DR-XXL,8
J0398-DR-XXXL,4
J0399-DR-L,2
J0399-DR-M,4
J0399-DR-SC,8
J0399-DR-XL,2
J0399-DR-XXL,2
J0401-DR-SC,6
JAN8641-S TO XXL,2
JNE1234-MULTI-KR-032-XS,2
JNE1408-GREY-KR-UDF19-XS,2
JNE1408-GREY-KR-UDF19-XXXL,4
JNE1525-KR-UDF19BLACK-XS,2
JNE1906-KR-031-XXXL,4
JNE1951-KR-155-XL,4
JNE1951-KR-155-XXXL,4
JNE1977-KR-237-L,6
JNE1977-KR-237-M,8
JNE1977-KR-237-S,6
JNE1977-KR-237-XS,2
JNE1977-KR-237-XXL,6
JNE1977-KR-237-XXXL,6
JNE1978-KR-238-L,2
JNE1978-KR-238-M,2
JNE1978-KR-238-S,2
JNE1978-KR-238-XL,2
JNE1978-KR-238-XS,2
JNE1978-KR-238-XXL,2
JNE1978-KR-238-XXXL,2
JNE1998-KR-311-M,8
JNE1998-KR-311-S,8
JNE1998-KR-311-XL,8
JNE1998-KR-311-XS,2
JNE1998-KR-311-XXL,6
JNE2009-KR-310-S,8
JNE2014-KR-178-S,8
JNE2014-KR-178-XS,4
JNE2032-KR-205-S,8
JNE2032-KR-205-XXXL,8
JNE2049-KR-351-L,6
JNE2049-KR-351-M,6
JNE2049-KR-351-S,4
JNE2049-KR-351-XL,6
JNE2049-KR-351-XXXL,4
JNE2100-KR-144-XS,4
JNE2101-KR-210-M,6
JNE2101-KR-210-XXL,6
JNE2101-KR-210-XXXL,6
JNE2113-KR-381-L,2
JNE2113-KR-381-M,2
JNE2113-KR-381-S,2
JNE2113-KR-381-XL,2
JNE2113-KR-381-XXL,2
JNE2132-KR-398-L,2
JNE2132-KR-398-M,2
JNE2132-KR-398-S,2
JNE2132-KR-398-XL,2
JNE2132-KR-398-XXL,6
JNE2132-KR-398-XXXL,2
JNE2153-KR-278-L,2
JNE2153-KR-278-M,6
JNE2153-KR-278-XL,2
JNE2153-KR-278-XS,4
JNE2170-KR-436-XS,4
JNE2170-KR-436-XXXL,8
JNE2171-KR-437-L,8
JNE2171-KR-437-M,4
JNE2171-KR-437-S,6
JNE2171-KR-437-XS,4
JNE2171-KR-437-XXL,4
JNE2171-KR-437-XXXL,4
JNE2199-KR-411-L,4
JNE2199-KR-411-M,2
JNE2199-KR-411-S,2
JNE2199-KR-411-XL,2
JNE2199-KR-411-XS,2
JNE2205-KR-467-L,4
JNE2205-KR-467-M,8
JNE2205-KR-467-S,4
JNE2205-KR-467-XL,4
JNE2205-KR-467-XXXL,4
JNE2251-KR-537-L,6
JNE2251-KR-537-M,6
JNE2251-KR-537-S,2
JNE2251-KR-537-XL,2
JNE2251-KR-537-XXL,2
JNE2251-KR-537-XXXL,2
JNE2265-KR-501-L,6
JNE2265-KR-501-M,6
JNE2265-KR-501-S,4
JNE2265-KR-501-XL,2
JNE2265-KR-501-XXL,6
JNE2266-KR-490-S,6
JNE2270-KR-487-M,8
JNE2270-KR-487-S,8
JNE2270-KR-487-XL,8
JNE2270-KR-487-XS,2
JNE2270-KR-487-XXL,8
JNE2291-KR-602-L,2
JNE2291-KR-602-M,4
JNE2291-KR-602-XL,2
JNE2291-KR-602-XXXL,4
JNE2305-KR-533-L,6
JNE2305-KR-533-M,2
JNE2305-KR-533-XL,6
JNE2307-KR-572-L,8
JNE2307-KR-572-M,4
JNE2307-KR-572-S,4
JNE2307-KR-572-XL,8
JNE2307-KR-572-XXL,4
JNE3030-KR-S,8
JNE3030-KR-XXL,8
JNE3042-KR-L,4
JNE3042-KR-M,6
JNE3042-KR-S,4
JNE3042-KR-XL,8
JNE3042-KR-XS,4
JNE3042-KR-XXL,2
JNE3042-KR-XXXL,2
JNE3065-KR-S,4
JNE3065-KR-XXL,8
JNE3068-KR-XXL,4
JNE3160-KR-XS,2
JNE3160-KR-XXL,4
JNE3160-KR-XXXL,4
JNE3225-KR-XS,4
JNE3225-KR-XXL,4
JNE3225-KR-XXXL,4
JNE3252-KR-L,6
JNE3252-KR-S,6
JNE3252-KR-XS,4
JNE3255-KR-L,6
JNE3255-KR-M,6
JNE3255-KR-S,8
JNE3255-KR-XXL,4
JNE3255-KR-XXXL,4
JNE3256-KR-XS,2
JNE3261-KR-XS,2
JNE3270-KR-XL,2
JNE3288-KR-XS,2
JNE3294-KR-S,6
JNE3294-KR-XXXL,8
JNE3311-KR-L,4
JNE3311-KR-M,6
JNE3311-KR-S,4
JNE3311-KR-XL,8
JNE3311-KR-XS,4
JNE3313-KR-L,4
JNE3313-KR-M,4
JNE3313-KR-S,4
JNE3313-KR-XL,4
JNE3313-KR-XS,2
JNE3313-KR-XXL,6
JNE3313-KR-XXXL,4
JNE3348-KR-L,2
JNE3348-KR-M,6
JNE3348-KR-S,2
JNE3348-KR-XL,6
JNE3348-KR-XXL,2
JNE3348-KR-XXXL,2
JNE3363-KR-1032-L,4
JNE3363-KR-1032-M,8
JNE3363-KR-1032-S,4
JNE3363-KR-1032-XL,6
JNE3363-KR-1032-XS,4
JNE3363-KR-1032-XXL,4
JNE3363-KR-1032-XXXL,4
JNE3364-KR-1051-XS,4
JNE3364-KR-1051-XXXL,8
JNE3365-KR-1052-XL,4
JNE3365-KR-1052-XS,4
JNE3365-KR-1052-XXL,6
JNE3365-KR-1052-XXXL,6
JNE3366-KR-1053-M,8
JNE3366-KR-1053-S,8
JNE3366-KR-1053-XS,2
JNE3366-KR-1053-XXXL,6
JNE3368-KR-M,4
JNE3368-KR-XL,6
JNE3368-KR-XXXL,8
JNE3371-KR-L,4
JNE3371-KR-M,4
JNE3371-KR-S,2
JNE3371-KR-XL,2
JNE3371-KR-XXL,2
JNE3371-KR-XXXL,2
JNE3373-KR-L,8
JNE3373-KR-M,8
JNE3373-KR-S,4
JNE3373-KR-XL,2
JNE3373-KR-XS,6
JNE3373-KR-XXL,2
JNE3373-KR-XXXL,2
JNE3376-KR-L,8
JNE3376-KR-M,8
JNE3376-KR-S,4
JNE3376-KR-XL,8
JNE3376-KR-XXL,8
JNE3376-KR-XXXL,4
JNE3383-KR-L,6
JNE3383-KR-M,4
JNE3383-KR-S,6
JNE3383-KR-XL,6
JNE3383-KR-XXL,6
JNE3383-KR-XXXL,6
JNE3384-KR-XS,4
JNE3386-KR-L,2
JNE3386-KR-M,2
JNE3386-KR-S,4
JNE3386-KR-XL,2
JNE3386-KR-XS,2
JNE3386-KR-XXL,2
JNE3386-KR-XXXL,2
JNE3388-KR-L,2
JNE3390-KR-L,2
JNE3390-KR-M,2
JNE3390-KR-S,2
JNE3390-KR-XL,2
JNE3390-KR-XXL,2
JNE3390-KR-XXXL,2
JNE3391-KR-L,6
JNE3391-KR-M,4
JNE3391-KR-S,4
JNE3391-KR-XL,4
JNE3391-KR-XS,4
JNE3391-KR-XXL,4
JNE3391-KR-XXXL,4
JNE3396-KR-XS,6
JNE3396-KR-XXXL,6
JNE3398-KR-L,4
JNE3398-KR-M,4
JNE3398-KR-S,4
JNE3398-KR-XL,4
JNE3399-KR-L,6
JNE3399-KR-M,6
JNE3399-KR-S,4
JNE3399-KR-XL,4
JNE3399-KR-XXL,8
JNE3399-KR-XXXL,4
JNE3400-KR-L,4
JNE3400-KR-S,4
JNE3400-KR-XL,8
JNE3400-KR-XXXL,4
JNE3403-KR-M,2
JNE3404-KR-L,2
JNE3404-KR-M,6
JNE3404-KR-XS,4
JNE3404-KR-XXL,2
JNE3404-KR-XXXL,2
JNE3405-KR-XS,8
JNE3408-KR-L,4
JNE3408-KR-M,2
JNE3408-KR-XL,2
JNE3408-KR-XXL,6
JNE3408-KR-XXXL,2
JNE3415-KR-L,2
JNE3415-KR-M,2
JNE3415-KR-S,4
JNE3415-KR-XL,2
JNE3415-KR-XXL,2
JNE3415-KR-XXXL,2
JNE3420-KR-M,4
JNE3420-KR-S,4
JNE3420-KR-XL,8
JNE3420-KR-XXL,8
JNE3422-KR-M,6
JNE3422-KR-S,6
JNE3422-KR-XL,6
JNE3422-KR-XXL,6
JNE3423-KR-L,6
JNE3423-KR-M,4
JNE3423-KR-S,4
JNE3423-KR-XL,4
JNE3423-KR-XXL,8
JNE3423-KR-XXXL,6
JNE3425-KR-M,4
JNE3425-KR-XXL,2
JNE3425-KR-XXXL,4
JNE3427-KR-S,2
JNE3428-KR-L,8
JNE3428-KR-M,6
JNE3428-KR-XXL,6
JNE3428-KR-XXXL,2
JNE3429-KR-L,8
JNE3429-KR-M,4
JNE3429-KR-S,8
JNE3429-KR-XL,8
JNE3429-KR-XXL,4
JNE3432-KR-L,6
JNE3432-KR-M,4
JNE3432-KR-S,8
JNE3432-KR-XL,4
JNE3432-KR-XXL,4
JNE3434-KR-XS,4
JNE3434-KR-XXXL,8
JNE3435-KR-XS,6
JNE3437-KR-L,4
JNE3437-KR-M,6
JNE3437-KR-S,4
JNE3437-KR-XL,4
JNE3437-KR-XXL,4
JNE3437-KR-XXXL,6
JNE3438-KR-L,2
JNE3438-KR-M,2
JNE3438-KR-S,2
JNE3438-KR-XL,2
JNE3438-KR-XXL,2
JNE3438-KR-XXXL,2
JNE3439-KR-S,8
JNE3439-KR-XS,4
JNE3440-KR-XS,2
JNE3441-KR-L,4
JNE3441-KR-M,8
JNE3441-KR-S,8
JNE3441-KR-XS,4
JNE3441-KR-XXL,8
JNE3441-KR-XXXL,6
JNE3443-KR-L,6
JNE3443-KR-M,2
JNE3443-KR-S,2
JNE3443-KR-XL,2
JNE3443-KR-XXL,2
JNE3445-KR-M,8
JNE3445-KR-S,4
JNE3445-KR-XXXL,8
JNE3446-KR-L,2
JNE3446-KR-M,2
JNE3446-KR-S,2
JNE3446-KR-XL,2
JNE3446-KR-XXL,2
JNE3447-KR-M,4
JNE3447-KR-S,4
JNE3447-KR-XL,4
JNE3447-KR-XXL,4
JNE3449-KR-XL,8
JNE3449-KR-XXL,8
JNE3449-KR-XXXL,4
JNE3454-KR-L,2
JNE3454-KR-M,2
JNE3454-KR-S,2
JNE3454-KR-XL,2
JNE3454-KR-XS,2
JNE3454-KR-XXL,2
JNE3454-KR-XXXL,2
JNE3455-KR-L,4
JNE3455-KR-M,4
JNE3455-KR-S,4
JNE3455-KR-XL,4
JNE3455-KR-XS,2
JNE3455-KR-XXL,4
JNE3455-KR-XXXL,4
JNE3457-KR-L,2
JNE3457-KR-M,6
JNE3457-KR-S,2
JNE3457-KR-XL,6
JNE3457-KR-XXL,2
JNE3457-KR-XXXL,2
JNE3459-KR-L,2
JNE3459-KR-XXXL,4
JNE3461-KR-L,2
JNE3461-KR-M,2
JNE3461-KR-S,2
JNE3461-KR-XL,2
JNE3461-KR-XS,4
JNE3461-KR-XXL,2
JNE3461-KR-XXXL,2
JNE3463-KR-M,2
JNE3463-KR-S,2
JNE3463-KR-XS,2
JNE3464-KR-L,2
JNE3464-KR-XL,2
JNE3464-KR-XXL,4
JNE3464-KR-XXXL,4
JNE3465-KR-L,2
JNE3467-KR-XL,2
JNE3469-KR-L,2
JNE3469-KR-M,2
JNE3469-KR-S,2
JNE3469-KR-XL,2
JNE3469-KR-XXL,2
JNE3469-KR-XXXL,2
JNE3471-KR-L,2
JNE3471-KR-S,2
JNE3472-KR-XXXL,4
JNE3474-KR-L,8
JNE3474-KR-L.,4
JNE3474-KR-M,6
JNE3474-KR-XL,6
JNE3479-KR-XXL,2
JNE3479-KR-XXXL,2
JNE3480-KR-XXXL,2
JNE3488-KR-L,4
JNE3488-KR-M,8
JNE3488-KR-XL,4
JNE3488-KR-XXL,4
JNE3488-KR-XXXL,8
JNE3489-KR-XS,6
JNE3489-KR-XXXL,8
JNE3497-KR-L,4
JNE3497-KR-M,6
JNE3497-KR-S,6
JNE3497-KR-XL,2
JNE3497-KR-XXL,6
JNE3497-KR-XXXL,2
JNE3500-KR-M,6
JNE3500-KR-S,8
JNE3500-KR-XXL,6
JNE3500-KR-XXXL,2
JNE3501-KR-L,2
JNE3501-KR-M,2
JNE3501-KR-S,2
JNE3501-KR-XL,2
JNE3501-KR-XS,2
JNE3501-KR-XXL,2
JNE3504-KR-L,2
JNE3504-KR-M,2
JNE3504-KR-S,6
JNE3504-KR-XL,4
JNE3504-KR-XXL,2
JNE3504-KR-XXXL,6
JNE3506-KR-L,6
JNE3506-KR-M,6
JNE3506-KR-S,4
JNE3506-KR-XL,4
JNE3506-KR-XS,2
JNE3506-KR-XXL,4
JNE3506-KR-XXXL,8
JNE3507-KR-L,4
JNE3507-KR-M,4
JNE3507-KR-S,8
JNE3507-KR-XL,4
JNE3507-KR-XS,2
JNE3507-KR-XXL,2
JNE3507-KR-XXXL,2
JNE3510-KR-L,4
JNE3510-KR-XL,4
JNE3515-KR-M,2
JNE3516-KR-L,4
JNE3516-KR-M,4
JNE3516-KR-S,2
JNE3516-KR-XL,4
JNE3516-KR-XXL,2
JNE3516-KR-XXXL,2
JNE3518-KR-L,4
JNE3518-KR-M,8
JNE3518-KR-XL,6
JNE3518-KR-XXL,2
JNE3522-KR-L,2
JNE3522-KR-M,2
JNE3522-KR-S,6
JNE3522-KR-XL,2
JNE3522-KR-XS,6
JNE3522-KR-XXL,2
JNE3522-KR-XXXL,4
JNE3523-KR-S,6
JNE3523-KR-XS,6
JNE3523-KR-XXL,6
JNE3523-KR-XXXL,2
JNE3524-KR-M,8
JNE3524-KR-XL,6
JNE3524-KR-XS,2
JNE3524-KR-XXL,4
JNE3526-KR-M,2
JNE3526-KR-XL,2
JNE3528-KR-L,8
JNE3528-KR-M,8
JNE3528-KR-S,4
JNE3528-KR-XL,8
JNE3528-KR-XXL,8
JNE3528-KR-XXXL,8
JNE3534-KR-XS,4
JNE3534-KR-XXXL,6
JNE3535-KR-S,6
JNE3535-KR-XXL,6
JNE3537-KR-L,6
JNE3537-KR-M,2
JNE3537-KR-XL,2
JNE3537-KR-XXL,2
JNE3539-KR-L,4
JNE3539-KR-M,4
JNE3539-KR-S,4
JNE3539-KR-XL,8
JNE3539-KR-XS,4
JNE3539-KR-XXL,4
JNE3539-KR-XXXL,4
JNE3541-KR-L,4
JNE3541-KR-S,4
JNE3545-KR-XL,6
JNE3546-KR-XS,6
JNE3547-KR-XS,2
JNE3549-KR-L,8
JNE3549-KR-M,8
JNE3549-KR-S,4
JNE3549-KR-XL,8
JNE3549-KR-XXL,6
JNE3549-KR-XXXL,4
JNE3550-KR-XL,4
JNE3553-KR-M,8
JNE3553-KR-XS,4
JNE3553-KR-XXXL,6
JNE3558-KR-M,4
JNE3558-KR-S,4
JNE3558-KR-XXL,4
JNE3559-KR-L,6
JNE3559-KR-XXL,6
JNE3560-KR-XS,8
JNE3561-KR-L,6
JNE3561-KR-S,6
JNE3561-KR-XXL,6
JNE3562-KR-L,8
JNE3562-KR-S,8
JNE3562-KR-XXL,4
JNE3563-KR-L,6
JNE3563-KR-M,8
JNE3563-KR-S,2
JNE3563-KR-XXL,4
JNE3563-KR-XXXL,6
JNE3564-KR-XXXL,8
JNE3565-KR-S,6
JNE3565-KR-XS,4
JNE3566-KR-L,6
JNE3566-KR-XL,4
JNE3566-KR-XXL,4
JNE3567-KR-XS,6
JNE3568-KR-XXXL,4
JNE3570-KR-L,8
JNE3570-KR-M,2
JNE3570-KR-S,2
JNE3570-KR-XL,2
JNE3570-KR-XS,4
JNE3570-KR-XXL,2
JNE3570-KR-XXXL,2
JNE3571-KR-XS,4
JNE3571-KR-XXXL,8
JNE3573-KR-L,8
JNE3573-KR-S,6
JNE3573-KR-XL,8
JNE3573-KR-XS,4
JNE3573-KR-XXL,4
JNE3573-KR-XXXL,4
JNE3575-KR-L,8
JNE3575-KR-M,4
JNE3575-KR-S,2
JNE3575-KR-XL,8
JNE3575-KR-XS,2
JNE3576-KR-XXXL,8
JNE3577-KR-L,6
JNE3577-KR-M,4
JNE3577-KR-S,8
JNE3577-KR-XXL,4
JNE3577-KR-XXXL,6
JNE3578-KR-L,6
JNE3578-KR-M,4
JNE3578-KR-S,6
JNE3578-KR-XL,6
JNE3578-KR-XXL,6
JNE3578-KR-XXXL,6
JNE3579-KR-L,2
JNE3579-KR-M,2
JNE3580-DR-M,2
JNE3581-KR-S,8
JNE3581-KR-XL,8
JNE3602-KR-L,2
JNE3605-KR-XS,6
JNE3606-KR-L,6
JNE3606-KR-M,6
JNE3606-KR-S,8
JNE3606-KR-XL,6
JNE3606-KR-XS,6
JNE3606-KR-XXL,6
JNE3606-KR-XXXL,6
JNE3607-KR-M,4
JNE3607-KR-XL,4
JNE3607-KR-XXXL,4
JNE3609-KR-S,4
JNE3609-KR-XL,8
JNE3609-KR-XS,2
JNE3609-KR-XXL,4
JNE3609-KR-XXXL,4
JNE3610-KR-L,6
JNE3610-KR-XL,4
JNE3610-KR-XXL,4
JNE3610-KR-XXXL,4
JNE3611-KR-XS,8
JNE3611-KR-XXL,8
JNE3611-KR-XXXL,4
JNE3612-KR-L,2
JNE3612-KR-M,2
JNE3612-KR-S,2
JNE3612-KR-XS,2
JNE3612-KR-XXL,6
JNE3612-KR-XXXL,6
JNE3613-KR-L,4
JNE3613-KR-M,2
JNE3613-KR-XL,6
JNE3613-KR-XS,2
JNE3613-KR-XXL,6
JNE3613-KR-XXXL,6
JNE3614-KR-L,6
JNE3614-KR-M,8
JNE3614-KR-XXL,4
JNE3614-KR-XXXL,8
JNE3615-KR-M,2
JNE3615-KR-S,2
JNE3615-KR-XL,4
JNE3615-KR-XS,2
JNE3615-KR-XXL,6
JNE3615-KR-XXXL,6
JNE3616-KR-XS,2
JNE3617-KR-L,4
JNE3617-KR-M,8
JNE3617-KR-S,4
JNE3617-KR-XL,8
JNE3617-KR-XXL,4
JNE3617-KR-XXXL,8
JNE3618-KR-L,4
JNE3619-KR-L,2
JNE3619-KR-M,6
JNE3619-KR-S,2
JNE3619-KR-XL,6
JNE3619-KR-XS,2
JNE3619-KR-XXL,2
JNE3619-KR-XXXL,6
JNE3621-KR-L,6
JNE3621-KR-M,4
JNE3621-KR-S,2
JNE3621-KR-XL,6
JNE3621-KR-XXL,4
JNE3622-KR-XXXL,8
JNE3623-KR-XXXL,2
JNE3624-KR-L,2
JNE3624-KR-M,4
JNE3624-KR-S,4
JNE3624-KR-XL,6
JNE3625-DR-L,2
JNE3625-DR-M,4
JNE3625-DR-XL,2
JNE3625-DR-XXL,2
JNE3627-KR-XS,8
JNE3628-KR-M,2
JNE3628-KR-S,2
JNE3628-KR-XXXL,6
JNE3629-KR-L,2
JNE3629-KR-M,2
JNE3629-KR-S,2
JNE3630-KR-S,8
JNE3630-KR-XL,8
JNE3630-KR-XXL,8
JNE3631-DR-L,4
JNE3633-KR-M,4
JNE3634-KR-S,6
JNE3635-KR-M,6
JNE3635-KR-S,6
JNE3635-KR-XL,8
JNE3635-KR-XS,4
JNE3635-KR-XXL,6
JNE3635-KR-XXXL,8
JNE3636-KR-L,6
JNE3636-KR-M,8
JNE3636-KR-S,4
JNE3636-KR-XL,6
JNE3636-KR-XXL,4
JNE3637-KR-XXXL,2
JNE3638-KR-L,4
JNE3638-KR-M,2
JNE3638-KR-S,2
JNE3638-KR-XL,2
JNE3638-KR-XS,4
JNE3638-KR-XXL,2
JNE3638-KR-XXXL,2
JNE3639-TP-M,4
JNE3639-TP-S,6
JNE3639-TP-XS,4
JNE3641-TP-L,8
JNE3641-TP-S,4
JNE3641-TP-XS,4
JNE3642-TP-L,8
JNE3642-TP-S,8
JNE3642-TP-XL,8
JNE3642-TP-XS,4
JNE3642-TP-XXL,6
JNE3643-TP-L,2
JNE3643-TP-S,2
JNE3643-TP-XL,2
JNE3644-TP-L,4
JNE3644-TP-M,4
JNE3644-TP-S,8
JNE3644-TP-XL,4
JNE3644-TP-XS,4
JNE3645-TP-L,8
JNE3645-TP-M,2
JNE3645-TP-S,6
JNE3645-TP-XL,4
JNE3645-TP-XS,2
JNE3645-TP-XXL,6
JNE3647-TP-XL,2
JNE3648-TP-XXL,8
JNE3649-TP-L,4
JNE3649-TP-M,2
JNE3649-TP-S,6
JNE3649-TP-XS,2
JNE3652-TP-L,4
JNE3652-TP-M,6
JNE3652-TP-S,4
JNE3652-TP-XL,6
JNE3652-TP-XXL,4
JNE3652-TP-XXXL,4
JNE3653-TP-L,2
JNE3654-TP-L,4
JNE3654-TP-M,4
JNE3654-TP-XL,6
JNE3654-TP-XXL,8
JNE3655-TP-S,2
JNE3656-TP-XS,6
JNE3657-TP-L,4
JNE3657-TP-M,4
JNE3657-TP-S,4
JNE3658-TP-L,2
JNE3658-TP-S,2
JNE3658-TP-XL,2
JNE3659-TP-M,8
JNE3659-TP-S,4
JNE3659-TP-XS,4
JNE3659-TP-XXL,8
JNE3660-TP-L,2
JNE3660-TP-M,6
JNE3660-TP-XL,8
JNE3660-TP-XXL,4
JNE3661-TP-M,2
JNE3661-TP-S,4
JNE3661-TP-XL,2
JNE3661-TP-XXL,4
JNE3662-TP-L,8
JNE3662-TP-M,8
JNE3662-TP-S,4
JNE3662-TP-XL,4
JNE3662-TP-XXL,4
JNE3663-TP-S,4
JNE3663-TP-XL,2
JNE3663-TP-XS,2
JNE3664-TP-L,6
JNE3664-TP-M,6
JNE3664-TP-XS,6
JNE3664-TP-XXL,6
JNE3665-TP-XL,6
JNE3665-TP-XS,6
JNE3665-TP-XXL,6
JNE3666-TP-L,4
JNE3666-TP-M,6
JNE3666-TP-S,6
JNE3666-TP-XL,4
JNE3666-TP-XXL,4
JNE3667-TP-XS,2
JNE3668-TP-XL,6
JNE3668-TP-XS,4
JNE3668-TP-XXL,4
JNE3669-TU-XS,8
JNE3670-TU-M,4
JNE3670-TU-XL,4
JNE3670-TU-XXXL,4
JNE3671-TU-S,8
JNE3671-TU-XL,2
JNE3671-TU-XS,2
JNE3671-TU-XXL,6
JNE3671-TU-XXXL,4
JNE3673-TU-S,4
JNE3673-TU-XS,4
JNE3673-TU-XXXL,8
JNE3674-TU-XS,6
JNE3675-TU-L,4
JNE3675-TU-M,4
JNE3675-TU-XL,4
JNE3675-TU-XXXL,4
JNE3676-TU-XS,4
JNE3678-TU-M,6
JNE3678-TU-S,8
JNE3678-TU-XL,8
JNE3678-TU-XS,6
JNE3678-TU-XXXL,6
JNE3679-TU-M,8
JNE3679-TU-S,6
JNE3679-TU-XL,8
JNE3679-TU-XS,2
JNE3679-TU-XXL,6
JNE3680-TU-M,4
JNE3680-TU-S,2
JNE3680-TU-XL,6
JNE3683-TU-XL,6
JNE3683-TU-XS,6
JNE3684-TU-L,6
JNE3684-TU-M,6
JNE3684-TU-S,2
JNE3684-TU-XL,6
JNE3684-TU-XS,2
JNE3684-TU-XXL,6
JNE3684-TU-XXXL,6
JNE3686-TU-XS,4
JNE3687-TU-XL,6
JNE3687-TU-XS,4
JNE3687-TU-XXXL,8
JNE3688-TU-XS,4
JNE3689-TU-XS,2
JNE3690-TU-XS,4
JNE3691-TU-S,8
JNE3693-KR-L,6
JNE3693-KR-M,2
JNE3693-KR-S,2
JNE3693-KR-XL,6
JNE3693-KR-XXL,6
JNE3695-KR-M,4
JNE3695-KR-XL,8
JNE3695-KR-XXL,8
JNE3697-KR-S,6
JNE3697-KR-XXL,8
JNE3698-KR-L,6
JNE3698-KR-M,2
JNE3698-KR-S,4
JNE3698-KR-XL,4
JNE3698-KR-XXL,4
JNE3701-KR-XXXL,8
JNE3703-KR-L,6
JNE3703-KR-M,2
JNE3703-KR-S,6
JNE3703-KR-XL,6
JNE3703-KR-XS,2
JNE3703-KR-XXL,2
JNE3703-KR-XXXL,8
JNE3704-KR-L,2
JNE3704-KR-M,2
JNE3704-KR-S,4
JNE3704-KR-XL,2
JNE3704-KR-XXL,2
JNE3704-KR-XXXL,2
JNE3706-DR-M,2
JNE3707-DR-L,4
JNE3707-DR-M,4
JNE3707-DR-S,4
JNE3707-DR-XL,8
JNE3707-DR-XXL,4
JNE3708-TU-L,8
JNE3708-TU-M,2
JNE3708-TU-S,4
JNE3708-TU-XL,6
JNE3708-TU-XS,4
JNE3708-TU-XXL,4
JNE3708-TU-XXXL,8
JNE3709-DR-M,8
JNE3709-DR-XS,4
JNE3709-DR-XXL,4
JNE3709-DR-XXXL,6
JNE3710-DR-XS,2
JNE3710-DR-XXXL,8
JNE3712-TP-M,6
JNE3712-TP-S,6
JNE3712-TP-XL,4
JNE3712-TP-XS,2
JNE3712-TP-XXL,6
JNE3713-TP-L,8
JNE3713-TP-M,6
JNE3713-TP-XS,2
JNE3713-TP-XXL,2
JNE3714-KR-L,2
JNE3714-KR-M,6
JNE3714-KR-S,4
JNE3714-KR-XL,4
JNE3714-KR-XS,4
JNE3714-KR-XXL,2
JNE3714-KR-XXXL,2
JNE3716-KR-XS,4
JNE3717-KR-M,6
JNE3717-KR-S,2
JNE3717-KR-XL,6
JNE3717-KR-XXL,6
JNE3717-KR-XXXL,6
JNE3718-KR-M,6
JNE3718-KR-S,4
JNE3718-KR-XL,6
JNE3718-KR-XXXL,8
JNE3719-KR-L,2
JNE3719-KR-M,2
JNE3719-KR-S,2
JNE3719-KR-XL,2
JNE3719-KR-XXL,2
JNE3719-KR-XXXL,2
JNE3720-KR-L,4
JNE3720-KR-M,2
JNE3720-KR-S,2
JNE3720-KR-XL,2
JNE3720-KR-XXL,2
JNE3720-KR-XXXL,2
JNE3721-KR-L,4
JNE3721-KR-M,6
JNE3721-KR-S,2
JNE3721-KR-XL,6
JNE3721-KR-XXL,2
JNE3721-KR-XXXL,6
JNE3722-KR-XS,4
JNE3724-KR-L,2
JNE3724-KR-M,2
JNE3724-KR-S,2
JNE3724-KR-XL,2
JNE3724-KR-XXL,4
JNE3724-KR-XXXL,2
JNE3726-KR-XXXL,4
JNE3727-KR-L,8
JNE3727-KR-S,8
JNE3728-KR-L,8
JNE3728-KR-M,6
JNE3728-KR-S,2
JNE3728-KR-XL,8
JNE3729-KR-L,6
JNE3729-KR-M,6
JNE3729-KR-S,6
JNE3729-KR-XS,4
JNE3729-KR-XXXL,6
JNE3730-KR-S,4
JNE3732-KR-L,6
JNE3732-KR-M,4
JNE3732-KR-S,4
JNE3732-KR-XL,4
JNE3732-KR-XS,4
JNE3732-KR-XXL,4
JNE3733-KR-L,2
JNE3733-KR-M,2
JNE3733-KR-S,2
JNE3733-KR-XL,2
JNE3733-KR-XXL,2
JNE3733-KR-XXXL,2
JNE3734-KR-XL,4
JNE3734-KR-XXL,4
JNE3736-KR-L,6
JNE3736-KR-M,6
JNE3736-KR-S,6
JNE3736-KR-XL,6
JNE3738-KR-S,4
JNE3738-KR-XXL,6
JNE3739-KR-M,6
JNE3739-KR-S,8
JNE3739-KR-XS,2
JNE3739-KR-XXL,8
JNE3739-KR-XXXL,6
JNE3740-KR-L,2
JNE3740-KR-M,2
JNE3740-KR-S,2
JNE3740-KR-XL,2
JNE3740-KR-XXL,2
JNE3740-KR-XXXL,4
JNE3741-KR-L,8
JNE3741-KR-M,6
JNE3741-KR-S,4
JNE3741-KR-XXL,6
JNE3741-KR-XXXL,6
JNE3742-KR-L,6
JNE3742-KR-XL,2
JNE3743-TP-S,4
JNE3743-TU-L,4
JNE3743-TU-M,4
JNE3743-TU-XL,4
JNE3743-TU-XXL,4
JNE3744-TU-XS,4
JNE3745-KR-M,2
JNE3749-KR-M,4
JNE3749-KR-S,4
JNE3749-KR-XL,4
JNE3749-KR-XXL,4
JNE3750-KR-XS,8
JNE3751-KR-XL,4
JNE3751-KR-XS,4
JNE3751-KR-XXL,4
JNE3751-KR-XXXL,8
JNE3752-KR-M,4
JNE3753-KR-L,2
JNE3753-KR-XXL,4
JNE3756-KR-L,4
JNE3756-KR-M,2
JNE3756-KR-S,6
JNE3756-KR-XL,2
JNE3756-KR-XXL,8
JNE3756-KR-XXXL,2
JNE3757-KR-L,2
JNE3757-KR-M,2
JNE3757-KR-S,2
JNE3757-KR-XL,2
JNE3757-KR-XXL,2
JNE3757-KR-XXXL,2
JNE3758-KR-L,6
JNE3758-KR-M,6
JNE3758-KR-S,8
JNE3758-KR-XL,6
JNE3758-KR-XXL,6
JNE3758-KR-XXXL,2
JNE3759-KR-XL,8
JNE3760-KR-L,4
JNE3760-KR-M,4
JNE3760-KR-S,4
JNE3760-KR-XL,4
JNE3760-KR-XXL,4
JNE3760-KR-XXXL,4
JNE3761-KR-XXL,4
JNE3762-KR-L,6
JNE3762-KR-S,4
JNE3762-KR-XXL,4
JNE3762-KR-XXXL,8
JNE3763-KR-XS,4
JNE3763-KR-XXXL,4
JNE3764-KR-S,8
JNE3764-KR-XXL,8
JNE3764-KR-XXXL,4
JNE3765-KR-XXL,4
JNE3766-KR-L,8
JNE3766-KR-M,4
JNE3767-KR-L,4
JNE3767-KR-M,4
JNE3767-KR-S,4
JNE3767-KR-XL,2
JNE3767-KR-XS,8
JNE3768-KR-S,2
JNE3768-KR-XXL,4
JNE3769-KR-L,4
JNE3769-KR-M,4
JNE3769-KR-S,4
JNE3769-KR-XL,4
JNE3769-KR-XXXL,4
JNE3770-KR-XXXL,2
JNE3771-KR-L,4
JNE3771-KR-M,4
JNE3771-KR-S,8
JNE3771-KR-XL,4
JNE3771-KR-XS,4
JNE3771-KR-XXL,4
JNE3771-KR-XXXL,4
JNE3773-KR-L,6
JNE3773-KR-XXL,4
JNE3774-KR-L,4
JNE3774-KR-M,4
JNE3774-KR-XL,8
JNE3774-KR-XXL,8
JNE3774-KR-XXXL,4
JNE3775-KR-M,6
JNE3775-KR-S,6
JNE3775-KR-XL,6
JNE3776-KR-XL,4
JNE3777-KR-S,4
JNE3777-KR-XL,4
JNE3777-KR-XXL,4
JNE3778-KR-XL,4
JNE3779-KR-XL,4
JNE3779-KR-XXL,4
JNE3780-KR-XL,6
JNE3781-KR-XL,4
JNE3782-KR-L,8
JNE3783-KR-L,4
JNE3783-KR-XS,4
JNE3783-KR-XXL,4
JNE3784-KR-L,4
JNE3784-KR-M,4
JNE3784-KR-S,4
JNE3784-KR-XL,4
JNE3784-KR-XS,4
JNE3784-KR-XXL,4
JNE3785-KR-L,6
JNE3785-KR-M,4
JNE3785-KR-S,4
JNE3785-KR-XL,4
JNE3785-KR-XXL,8
JNE3786-KR-XXXL,2
JNE3787-KR-XL,6
JNE3787-KR-XXL,4
JNE3788-KR-L,4
JNE3788-KR-M,8
JNE3788-KR-XL,6
JNE3788-KR-XS,2
JNE3788-KR-XXL,8
JNE3789-KR-L,2
JNE3789-KR-XXXL,4
JNE3790-KR-XXL,4
JNE3790-KR-XXXL,4
JNE3791-DR-M,8
JNE3791-DR-XL,4
JNE3792-KR-L,6
JNE3792-KR-M,6
JNE3792-KR-S,2
JNE3792-KR-XL,2
JNE3792-KR-XXL,2
JNE3792-KR-XXXL,2
JNE3794-KR-L,4
JNE3795-KR-M,4
JNE3795-KR-S,2
JNE3795-KR-XL,4
JNE3795-KR-XS,2
JNE3795-KR-XXXL,4
JNE3796-KR-XS,4
JNE3797-KR-M,2
JNE3797-KR-XL,4
JNE3797-KR-XXL,4
JNE3798-KR-M,6
JNE3798-KR-XXL,4
JNE3800-KR-XL,2
JNE3800-KR-XXXL,2
JNE3802-KR-XXXL,4
JNE3804-KR-L,4
JNE3805-KR-L,4
JNE3805-KR-XL,8
JNE3805-KR-XXL,4
JNE3805-KR-XXXL,4
JNE3806-KR-L,2
JNE3807-KR-L,6
JNE3807-KR-M,4
JNE3807-KR-S,2
JNE3807-KR-SC,4
JNE3807-KR-XL,6
JNE3807-KR-XS,6
JNE3807-KR-XXL,8
JNE3807-KR-XXXL,4
JNE3811-KR-L,4
JNE3811-KR-S,2
JNE3811-KR-XL,2
JNE3811-KR-XS,2
JNE3813-KR-L,4
JNE3813-KR-S,2
JNE3813-KR-XL,6
JNE3813-KR-XS,2
JNE3813-KR-XXL,6
JNE3813-KR-XXXL,2
JNE3816-KR-L,6
JNE3816-KR-M,6
JNE3816-KR-S,4
JNE3816-KR-XL,8
JNE3816-KR-XS,4
JNE3816-KR-XXL,4
JNE3816-KR-XXXL,4
JNE3817-KR-L,2
JNE3817-KR-M,2
JNE3817-KR-S,2
JNE3817-KR-XL,2
JNE3817-KR-XXL,2
JNE3817-KR-XXXL,2
JNE3819-KR-L,8
JNE3819-KR-M,4
JNE3819-KR-S,2
JNE3819-KR-XL,8
JNE3819-KR-XS,2
JNE3819-KR-XXL,2
JNE3819-KR-XXXL,2
JNE3820-KR-L,4
JNE3821-KR-L,4
JNE3821-KR-M,4
JNE3822-KR-L,6
JNE3822-KR-XL,2
JNE3823-KR-L,8
JNE3825-KR-L,4
JNE3833-KR-L,4
JNE3833-KR-M,4
JNE3833-KR-S,4
JNE3833-KR-XL,4
JNE3833-KR-XS,4
JNE3833-KR-XXL,6
JNE3833-KR-XXXL,4
JNE3834-KR-L,6
JNE3834-KR-M,6
JNE3834-KR-S,6
JNE3834-KR-XL,6
JNE3834-KR-XS,4
JNE3834-KR-XXL,6
JNE3834-KR-XXXL,6
JNE3835-KR-L,4
JNE3835-KR-M,8
JNE3835-KR-S,8
JNE3835-KR-XL,6
JNE3835-KR-XS,6
JNE3835-KR-XXL,8
JNE3835-KR-XXXL,6
JNE3836-KR-L,4
JNE3836-KR-M,4
JNE3836-KR-S,4
JNE3836-KR-XL,4
JNE3836-KR-XS,4
JNE3836-KR-XXL,4
JNE3836-KR-XXXL,4
JNE3837-KR-L,4
JNE3837-KR-XXL,4
JNE3856-KR-M,4
JNE3856-KR-S,6
JNE3856-KR-XL,4
JNE3856-KR-XS,4
JNE3856-KR-XXL,4
JNE3856-KR-XXXL,4
JNE3860-DR-L,2
JNE3861-DR-L,6
JNE3861-DR-SC,6
JNE3863-TU-M,8
JNE3863-TU-S,8
JNE3863-TU-XL,8
JNE3863-TU-XS,8
JNE3863-TU-XXL,8
JNE3863-TU-XXXL,8
JNE3864-TU-L,4
JNE3864-TU-M,4
JNE3864-TU-S,4
JNE3864-TU-XL,8
JNE3864-TU-XS,4
JNE3864-TU-XXL,8
JNE3864-TU-XXXL,4
JNE3870-DR-L,4
JNE3870-DR-M,4
JNE3870-DR-XL,8
JNE3870-DR-XS,4
JNE3870-DR-XXL,8
JNE3870-DR-XXXL,4
JNE3878-KR-S,2
JNE3879-DR-L,2
JNE3879-DR-M,2
JNE3879-DR-XL,2
JNE3879-DR-XXL,2
JNE3880-DR-SC,2
JNE3880-DR-XXL,4
LABEL CHARGE,3
LABEL MANUF.CHRAGE,2
MEN5001-KR-L,4
MEN5001-KR-M.,8
MEN5001-KR-S,4
MEN5001-KR-XL,4
MEN5001-KR-XXL,4
MEN5001-KR-XXXL,6
MEN5002-KR-L,8
MEN5003-KR-L,8
MEN5003-KR-S,8
MEN5003-KR-XL,6
MEN5003-KR-XXXL,4
MEN5004-KR-M,8
MEN5004-KR-S,6
MEN5004-KR-XXL,8
MEN5005-KR-M,4
MEN5005-KR-S,8
MEN5005-KR-XL,4
MEN5005-KR-XXL,8
MEN5006-KR-L,4
MEN5006-KR-M,4
MEN5006-KR-S,6
MEN5006-KR-XL,6
MEN5006-KR-XXXL,2
MEN5007-KR-L,8
MEN5007-KR-S,6
MEN5007-KR-XL,8
MEN5007-KR-XXL,6
MEN5007-KR-XXXL,6
MEN5008-KR-L,2
MEN5008-KR-M,2
MEN5008-KR-XL,2
MEN5008-KR-XXXL,2
MEN5010-KR-L,6
MEN5010-KR-S,6
MEN5010-KR-XL,8
MEN5011-KR-L,2
MEN5011-KR-M,6
MEN5011-KR-XL,2
MEN5011-KR-XXXL,2
MEN5012-KR-L,2
MEN5012-KR-M,2
MEN5012-KR-S,2
MEN5012-KR-XL,2
MEN5012-KR-XXL,2
MEN5012-KR-XXXL,2
MEN5013-KR-L,2
MEN5013-KR-M,8
MEN5013-KR-XXXL,4
MEN5014-KR-L,8
MEN5014-KR-XXL,6
MEN5014-KR-XXXL,4
MEN5015-KR-L,6
MEN5015-KR-M,4
MEN5015-KR-S,8
MEN5015-KR-XL,8
MEN5015-KR-XXL,8
MEN5015-KR-XXXL,4
MEN5016-KR-XXXL,2
MEN5017-KR-S,4
MEN5017-KR-XXXL,8
MEN5018-KR-L,6
MEN5018-KR-S,4
MEN5018-KR-XXL,4
MEN5019-KR-L,6
MEN5019-KR-M.,2
MEN5019-KR-S,8
MEN5019-KR-XL,2
MEN5019-KR-XXL,4
MEN5019-KR-XXXL,2
MEN5020-KR-M,4
MEN5020-KR-S,2
MEN5020-KR-XL,6
MEN5020-KR-XXL,6
MEN5020-KR-XXXL,4
MEN5021-KR-L,8
MEN5021-KR-M,6
MEN5021-KR-S,6
MEN5021-KR-XXL,8
MEN5021-KR-XXXL,6
MEN5022-KR-L,8
MEN5022-KR-S,6
MEN5022-KR-XXXL,8
MEN5023-KR-L,4
MEN5023-KR-M,6
MEN5023-KR-XL,6
MEN5023-KR-XXL,4
MEN5024-KR-L,2
MEN5024-KR-M,4
MEN5024-KR-S,2
MEN5024-KR-XL,2
MEN5024-KR-XXL,4
MEN5024-KR-XXXL,2
MEN5025-KR-M,2
MEN5025-KR-S,8
MEN5026-KR-M,6
MEN5026-KR-S,6
MEN5026-KR-XL,2
MEN5026-KR-XXXL,2
MEN5027-KR-L,8
MEN5027-KR-M,8
MEN5027-KR-S,8
MEN5027-KR-XXL,8
MEN5027-KR-XXXL,4
MEN5028-KR-L,8
MEN5028-KR-XL,2
MEN5028-KR-XXL,2
MEN5028-KR-XXXL,2
MEN5029-KR-L,8
MEN5029-KR-XXL,6
MEN5029-KR-XXXL,2
MEN5030-KR-M,4
MEN5030-KR-S,4
MEN5030-KR-XL,6
MEN5030-KR-XXL,4
MEN5030-KR-XXXL,2
MEN5031-KR-L,8
MEN5031-KR-M,4
MEN5031-KR-S,2
MEN5031-KR-XL,8
MEN5031-KR-XXL,4
MEN5031-KR-XXXL,6
MEN5032-KR-L,2
MEN5032-KR-M,2
MEN5032-KR-S,6
MEN5032-KR-XXL,2
MEN5032-KR-XXXL,4
NW002-TP-PJ-L,4
NW002-TP-PJ-M,6
NW002-TP-PJ-S,4
NW002-TP-PJ-XL,4
NW002-TP-PJ-XXL,4
NW003-TP-PJ-L,4
NW003-TP-PJ-M,4
NW003-TP-PJ-S,8
NW003-TP-PJ-XL,4
NW003-TP-PJ-XXL,4
NW005-ST-PJ-L,2
NW005-ST-PJ-XL,2
NW006-ST-SR-L,6
NW006-ST-SR-M,4
NW006-ST-SR-S,8
NW006-ST-SR-XL,4
NW006-ST-SR-XXL,8
NW008-ST-CP-S,4
NW009-ST-CP-M,2
NW012-TP-PJ-L,8
NW012-TP-PJ-M,8
NW012-TP-PJ-XL,8
NW012-TP-PJ-XS,4
NW012-TP-PJ-XXL,4
NW013-ST-SR-L,2
NW013-ST-SR-S,4
NW013-ST-SR-XXL,4
NW014-ST-SR-L,4
NW014-ST-SR-M,4
NW014-ST-SR-S,4
NW014-ST-SR-XL,4
NW014-ST-SR-XXL,4
NW016-ST-SR-S,4
NW020-ST-SR-L,4
NW020-ST-SR-M,4
NW020-ST-SR-S,4
NW020-ST-SR-XL,4
NW020-ST-SR-XXL,4
NW027-TP-PJ-L,4
NW027-TP-PJ-M,4
NW027-TP-PJ-S,4
NW027-TP-PJ-XL,4
NW027-TP-PJ-XXL,4
NW029-ST-SR-L,2
NW029-ST-SR-S,4
NW030-TP-PJ-L,4
NW030-TP-PJ-M,4
NW030-TP-PJ-S,8
NW030-TP-PJ-XL,4
NW030-TP-PJ-XXL,4
NW031-TP-PJ-S,4
NW031-TP-PJ-XL,2
NW031-TP-PJ-XXL,4
NW032-ST-CP-L,2
NW036-ST-SR-L,4
NW036-ST-SR-M,4
NW036-ST-SR-S,4
NW036-ST-SR-XL,4
NW036-ST-SR-XXL,4
PJNE1906-KR-4XL,8
PJNE1906-KR-5XL,4
PJNE2014-KR-4XL,4
PJNE2014-KR-5XL,8
PJNE2171-KR-5XL,6
PJNE2171-KR-6XL,6
PJNE2199-KR-4XL,4
PJNE2199-KR-5XL,4
PJNE2199-KR-6XL,4
PJNE2270-KR-4XL,4
PJNE2270-KR-5XL,8
PJNE2270-KR-6XL,4
PJNE3068-KR-4XL,4
PJNE3068-KR-5XL,4
PJNE3068-KR-6XL,4
PJNE3252-KR-4XL,4
PJNE3252-KR-6XL,8
PJNE3363-KR-4XL,2
PJNE3363-KR-5XL,8
PJNE3364-KR-4XL,6
PJNE3364-KR-5XL,6
PJNE3364-KR-6XL,6
PJNE3373-KR-4XL,4
PJNE3399-KR-4XL,8
PJNE3399-KR-5XL,8
PJNE3399-KR-6XL,8
PJNE3404-KR-4XL,2
PJNE3404-KR-6XL,4
PJNE3421-KR-4XL,4
PJNE3421-KR-5XL,4
PJNE3421-KR-6XL,8
PJNE3423-KR-5XL,8
PJNE3423-KR-6XL,8
PJNE3439-KR-4XL,8
PJNE3439-KR-5XL,8
PJNE3439-KR-6XL,8
PJNE3445-KR-6XL,8
PJNE3568-KR-4XL,8
PJNE3568-KR-6XL,4
PSET264-KR-NP-4XL,4
PSET264-KR-NP-5XL,4
PSET264-KR-NP-6XL,4
PSET268-KR-NP-4XL,4
PSET268-KR-NP-5XL,6
PSET268-KR-NP-6XL,4
SAR027,4
SAR029,2
SAR031,4
SAR033,4
SAR038,4
SAR043,4
SAR044,4
SAR045,6
SAR046,4
SAR049,4
SAR050,4
SAR054,2
SAR070,4
SAR079,4
SAR086,4
SAR101-FREE,2
SAR102-FREE,4
SAR103-FREE,4
SAR105-FREE,2
SAR108-FREE,2
SAR110-FREE,2
SAREE,6
SET014-KR-PP-L,2
SET014-KR-PP-M,8
SET014-KR-PP-S,2
SET014-KR-PP-XL,2
SET014-KR-PP-XXL,4
SET014-KR-PP-XXXL,2
SET036-KR-NP-L,2
SET037-KR-NP-XS,6
SET037-KR-NP-XXXL,6
SET038-KR-PP-XS,4
SET043-KR-NP-S,6
SET043-KR-NP-XXL,2
SET043-KR-NP-XXXL,8
SET044-KR-NP-XXL,8
SET044-KR-NP-XXXL,4
SET048-KR-NP-L,4
SET048-KR-NP-XXL,4
SET053-KR-NP-L,2
SET053-KR-NP-M,2
SET053-KR-NP-S,2
SET053-KR-NP-XL,2
SET053-KR-NP-XXL,4
SET053-KR-NP-XXXL,2
SET055-KR-NP-L,6
SET055-KR-NP-M,4
SET055-KR-NP-S,6
SET055-KR-NP-XL,4
SET055-KR-NP-XS,2
SET055-KR-NP-XXL,4
SET058-KR-NP-XS,4
SET058-KR-NP-XXXL,6
SET062-KR-SP-XS,4
SET062-KR-SP-XXL,6
SET062-KR-SP-XXXL,2
SET073-KR-SHA-S,8
SET073-KR-SHA-XL,6
SET073-KR-SHA-XXL,6
SET073-KR-SHA-XXXL,2
SET075-KR-DH-L,4
SET075-KR-DH-M,4
SET075-KR-DH-S,4
SET075-KR-DH-XL,4
SET075-KR-DH-XS,4
SET075-KR-DH-XXL,4
SET075-KR-DH-XXXL,4
SET083-KR-PP-L,4
SET083-KR-PP-M,8
SET083-KR-PP-S,2
SET083-KR-PP-XL,4
SET083-KR-PP-XS,2
SET083-KR-PP-XXL,6
SET083-KR-PP-XXXL,4
SET087-KR-PP-L,2
SET094-KR-NP-L,6
SET094-KR-NP-M,8
SET094-KR-NP-S,2
SET094-KR-NP-XXL,6
SET094-KR-NP-XXXL,4
SET097-KR-PP-L,2
SET097-KR-PP-M,2
SET097-KR-PP-S,2
SET097-KR-PP-XL,2
SET097-KR-PP-XXL,2
SET097-KR-PP-XXXL,2
SET100-KR-PP-L,4
SET100-KR-PP-M,2
SET100-KR-PP-S,2
SET100-KR-PP-XL,2
SET100-KR-PP-XXL,2
SET100-KR-PP-XXXL,2
SET110-KR-PP-XXL,6
SET110-KR-PP-XXXL,8
SET128-KR-DH-M,2
SET128-KR-DH-XS,4
SET130-KR-NP-L,6
SET130-KR-NP-S,4
SET130-KR-NP-XL,6
SET130-KR-NP-XXL,6
SET130-KR-NP-XXXL,2
SET131-KR-NP-M,6
SET131-KR-NP-S,4
SET131-KR-NP-XL,6
SET131-KR-NP-XS,2
SET131-KR-NP-XXL,6
SET131-KR-NP-XXXL,6
SET132-KR-NP-L,4
SET138-KR-PP-L,4
SET138-KR-PP-S,6
SET138-KR-PP-XL,8
SET144-KR-NP-XXXL,6
SET145-KR-NP-L,8
SET145-KR-NP-M,4
SET145-KR-NP-S,2
SET145-KR-NP-XL,6
SET145-KR-NP-XXL,4
SET145-KR-NP-XXXL,2
SET147-KR-NP-L,8
SET147-KR-NP-M,8
SET147-KR-NP-S,8
SET147-KR-NP-XL,4
SET147-KR-NP-XXL,4
SET154-KR-NP-M,6
SET154-KR-NP-S,4
SET154-KR-NP-XXL,4
SET156-KR-NP-M,8
SET156-KR-NP-XL,4
SET156-KR-NP-XXL,6
SET156-KR-NP-XXXL,2
SET158-KR-PP-L,2
SET158-KR-PP-M,4
SET158-KR-PP-XL,4
SET158-KR-PP-XXXL,4
SET164-KR-NP-S,2
SET164-KR-NP-XL,2
SET164-KR-NP-XS,2
SET164-KR-NP-XXL,2
SET164-KR-NP-XXXL,2
SET171-KR-NP-L,8
SET171-KR-NP-M,8
SET171-KR-NP-S,4
SET171-KR-NP-XL,4
SET171-KR-NP-XS,6
SET171-KR-NP-XXL,4
SET171-KR-NP-XXXL,4
SET172-KR-PP-S,4
SET172-KR-PP-XXL,6
SET172-KR-PP-XXXL,6
SET182-KR-DH-XS,2
SET182-KR-DH-XXL,8
SET182-KR-DH-XXXL,4
SET183-KR-DH-L,4
SET183-KR-DH-M,2
SET183-KR-DH-S,6
SET183-KR-DH-XL,4
SET183-KR-DH-XS,2
SET183-KR-DH-XXL,4
SET183-KR-DH-XXXL,4
SET184-KR-PP-S,8
SET184-KR-PP-XS,4
SET184-KR-PP-XXXL,6
SET186-KR-DH-XS,4
SET186-KR-DH-XXL,6
SET186-KR-DH-XXXL,2
SET187-KR-DH-L,8
SET187-KR-DH-S,4
SET187-KR-DH-XS,4
SET187-KR-DH-XXXL,6
SET188-KR-NP-S,8
SET188-KR-NP-XXL,6
SET188-KR-NP-XXXL,2
SET191-KR-PP-L,2
SET191-KR-PP-M,2
SET191-KR-PP-S,2
SET191-KR-PP-XL,2
SET191-KR-PP-XXL,2
SET191-KR-PP-XXXL,2
SET193-KR-NP-L,8
SET194-KR-NP-XXL,2
SET194-KR-NP-XXXL,4
SET195-KR-NP-L,4
SET195-KR-NP-XL,2
SET195-KR-NP-XXXL,2
SET196-KR-NP-S,8
SET196-KR-NP-XL,2
SET196-KR-NP-XXL,6
SET196-KR-NP-XXXL,4
SET197-KR-NP-XS,6
SET197-KR-NP-XXL,6
SET197-KR-NP-XXXL,6
SET198-KR-NP-XS,4
SET198-KR-NP-XXL,6
SET198-KR-NP-XXXL,2
SET199-KR-NP-XXXL,8
SET200-KR-NP-M,8
SET200-KR-NP-XL,8
SET200-KR-NP-XXXL,2
SET201-KR-NP-L,2
SET201-KR-NP-XXXL,2
SET202-KR-NP-XXXL,4
SET203-KR-DPT-L,6
SET203-KR-DPT-S,6
SET203-KR-DPT-XL,8
SET203-KR-DPT-XS,4
SET203-KR-DPT-XXL,8
SET203-KR-DPT-XXXL,4
SET204-KR-DPT-M,6
SET204-KR-DPT-XL,6
SET205-KR-DPT-XS,6
SET205-KR-DPT-XXL,8
SET205-KR-DPT-XXXL,8
SET206-KR-PP-L,2
SET209-KR-PP-M,8
SET209-KR-PP-S,8
SET209-KR-PP-XL,8
SET210-KR-PP-XXXL,2
SET217-KR-PP-L,4
SET217-KR-PP-M,8
SET217-KR-PP-S,4
SET217-KR-PP-XL,8
SET217-KR-PP-XS,2
SET217-KR-PP-XXL,8
SET217-KR-PP-XXXL,4
SET218-KR-NP-L,4
SET218-KR-NP-M,4
SET218-KR-NP-S,4
SET218-KR-NP-XL,4
SET218-KR-NP-XXL,4
SET219-KR-PP-L,2
SET219-KR-PP-M,2
SET219-KR-PP-S,2
SET219-KR-PP-XL,2
SET219-KR-PP-XXL,6
SET219-KR-PP-XXXL,2
SET220-KR-PP-L,2
SET220-KR-PP-M,2
SET220-KR-PP-XL,2
SET220-KR-PP-XS,2
SET220-KR-PP-XXL,4
SET220-KR-PP-XXXL,2
SET221-KR-NP-XXL,8
SET223-KR-NP-M,4
SET223-KR-NP-S,8
SET223-KR-NP-XL,4
SET223-KR-NP-XS,4
SET223-KR-NP-XXL,4
SET223-KR-NP-XXXL,8
SET224-KR-NP-XXL,6
SET225-KR-NP-S,4
SET225-KR-NP-XS,4
SET225-KR-NP-XXXL,8
SET226-KR-PP-L,6
SET226-KR-PP-M,8
SET226-KR-PP-XXXL,2
SET227-KR-PP-XS,4
SET227-KR-PP-XXL,6
SET227-KR-PP-XXXL,8
SET228-KR-PP-L,8
SET228-KR-PP-M,6
SET228-KR-PP-S,4
SET228-KR-PP-XL,4
SET228-KR-PP-XXXL,2
SET229-KR-PP-L,4
SET229-KR-PP-M,4
SET229-KR-PP-S,4
SET229-KR-PP-XL,2
SET229-KR-PP-XXL,4
SET229-KR-PP-XXXL,4
SET230-KR-PP-L,4
SET230-KR-PP-M,8
SET230-KR-PP-S,4
SET230-KR-PP-XL,4
SET231-KR-PP-L,4
SET231-KR-PP-M,2
SET231-KR-PP-S,2
SET231-KR-PP-XL,2
SET231-KR-PP-XXL,2
SET232-KR-PP-XXL,6
SET233-KR-PP-M,8
SET233-KR-PP-S,8
SET233-KR-PP-XL,4
SET233-KR-PP-XXL,4
SET234-KR-PP-L,4
SET234-KR-PP-M,2
SET234-KR-PP-S,6
SET234-KR-PP-XL,2
SET234-KR-PP-XXL,2
SET235-KR-PP-L,4
SET235-KR-PP-M,2
SET235-KR-PP-S,2
SET235-KR-PP-XL,2
SET235-KR-PP-XXL,2
SET236-KR-PP-XS,8
SET238-KR-PP-M,4
SET238-KR-PP-XS,2
SET238-KR-PP-XXL,4
SET238-KR-PP-XXXL,2
SET239-KR-NP-S,2
SET239-KR-NP-XL,2
SET239-KR-NP-XXL,6
SET239-KR-NP-XXXL,2
SET240-KR-PP-L,2
SET240-KR-PP-M,8
SET240-KR-PP-S,8
SET240-KR-PP-XS,2
SET240-KR-PP-XXXL,6
SET241-KR-PP-L,2
SET241-KR-PP-S,2
SET241-KR-PP-XL,2
SET242-KR-PP-L,2
SET242-KR-PP-M,2
SET242-KR-PP-S,2
SET242-KR-PP-XL,2
SET242-KR-PP-XXL,4
SET242-KR-PP-XXXL,2
SET243-KR-PP-S,6
SET243-KR-PP-XL,8
SET243-KR-PP-XS,2
SET243-KR-PP-XXL,6
SET243-KR-PP-XXXL,4
SET244-KR-NP-S,6
SET244-KR-NP-XXL,6
SET244-KR-NP-XXXL,6
SET245-KR-NP-XS,4
SET246-KR-PP-XXL,4
SET247-KR-SHA-L,2
SET247-KR-SHA-M,2
SET247-KR-SHA-XL,2
SET247-KR-SHA-XXL,2
SET247-KR-SHA-XXXL,2
SET248-KR-NP-S,8
SET248-KR-NP-XS,4
SET248-KR-NP-XXXL,2
SET249-KR-NP-L,8
SET249-KR-NP-M,8
SET249-KR-NP-S,2
SET249-KR-NP-XL,4
SET250-KR-SHA-XL,8
SET250-KR-SHA-XS,2
SET250-KR-SHA-XXL,6
SET250-KR-SHA-XXXL,2
SET251-KR-PP-XXXL,6
SET253-KR-NP-S,8
SET253-KR-NP-XS,4
SET253-KR-NP-XXL,4
SET254-KR-NP-L,6
SET254-KR-NP-M,2
SET254-KR-NP-S,4
SET254-KR-NP-XL,4
SET254-KR-NP-XXXL,2
SET258-KR-PP-L,4
SET258-KR-PP-M,8
SET258-KR-PP-S,4
SET258-KR-PP-XL,6
SET258-KR-PP-XS,4
SET258-KR-PP-XXXL,2
SET260-KR-PP-L,4
SET260-KR-PP-XL,4
SET260-KR-PP-XXL,2
SET261-KR-PP-M,6
SET261-KR-PP-S,4
SET263-KR-NP-L,6
SET263-KR-NP-XL,4
SET263-KR-NP-XXL,4
SET264-KR-NP-XS,2
SET265-KR-NP-L,4
SET265-KR-NP-S,8
SET265-KR-NP-XL,6
SET265-KR-NP-XXXL,2
SET267-KR-NP-XXXL,8
SET269-KR-NP-XXXL,8
SET270-KR-PP-L,8
SET270-KR-PP-XXL,8
SET271-KR-NP-L,2
SET271-KR-NP-XL,2
SET271-KR-NP-XXL,4
SET272-KR-PP-M,6
SET272-KR-PP-S,8
SET272-KR-PP-XXL,8
SET272-KR-PP-XXXL,4
SET273-KR-NP-L,6
SET273-KR-NP-XL,8
SET273-KR-NP-XS,8
SET273-KR-NP-XXL,6
SET273-KR-NP-XXXL,6
SET274-KR-PP-M,2
SET274-KR-PP-XL,2
SET276-KR-PP-L,8
SET276-KR-PP-M,2
SET276-KR-PP-S,4
SET276-KR-PP-XL,6
SET276-KR-PP-XXL,6
SET277-KR-NP-L,8
SET277-KR-NP-M,4
SET277-KR-NP-XXL,4
SET277-KR-NP-XXXL,2
SET278-KR-NP-M,6
SET278-KR-NP-XL,4
SET278-KR-NP-XXL,8
SET278-KR-NP-XXXL,4
SET279-LC-L,4
SET279-LC-M,6
SET279-LC-XL,8
SET279-LC-XXXL,4
SET280-KR-PP-L,4
SET280-KR-PP-XL,2
SET280-KR-PP-XXL,4
SET281-KR-PP-S,8
SET281-KR-PP-XXL,8
SET282-KR-PP-L,8
SET282-KR-PP-M,4
SET282-KR-PP-XXL,8
SET285-KR-SHA-M,8
SET285-KR-SHA-XL,8
SET285-KR-SHA-XS,4
SET285-KR-SHA-XXL,6
SET286-KR-NP-S,6
SET286-KR-NP-XXXL,6
SET287-KR-NP-XS,2
SET287-KR-NP-XXXL,6
SET289-KR-NP-L,8
SET289-KR-NP-S,4
SET289-KR-NP-XS,4
SET289-KR-NP-XXL,6
SET290-KR-DPT-M,8
SET290-KR-DPT-S,2
SET290-KR-DPT-XXL,8
SET290-KR-DPT-XXXL,2
SET291-KR-PP-L,8
SET291-KR-PP-XXL,8
SET291-KR-PP-XXXL,6
SET293-KR-NP-XL,4
SET293-KR-NP-XS,4
SET293-KR-NP-XXL,4
SET295-KR-NP-S,8
SET295-KR-NP-XXL,8
SET295-KR-NP-XXXL,4
SET297-KR-NP-M,8
SET297-KR-NP-S,8
SET297-KR-NP-XL,8
SET297-KR-NP-XXL,4
SET297-KR-NP-XXXL,6
SET300-KR-NP-L,8
SET300-KR-NP-S,4
SET300-KR-NP-XL,6
SET300-KR-NP-XS,6
SET300-KR-NP-XXL,8
SET301-KR-PP-L,4
SET301-KR-PP-XL,2
SET302-KR-PP-M,4
SET302-KR-PP-S,8
SET302-KR-PP-XL,6
SET302-KR-PP-XS,4
SET302-KR-PP-XXL,4
SET302-KR-PP-XXXL,4
SET303-KR-NP-L,6
SET303-KR-NP-M,6
SET303-KR-NP-S,4
SET303-KR-NP-XL,2
SET303-KR-NP-XXXL,4
SET304-KR-DPT-M,4
SET304-KR-DPT-XL,4
SET304-KR-DPT-XS,4
SET304-KR-DPT-XXL,4
SET304-KR-DPT-XXXL,4
SET305-KR-DPT-L,4
SET305-KR-DPT-M,4
SET305-KR-DPT-S,8
SET305-KR-DPT-XL,8
SET305-KR-DPT-XXL,4
SET305-KR-DPT-XXXL,4
SET307-KR-DPT-L,2
SET307-KR-DPT-M,2
SET307-KR-DPT-S,2
SET307-KR-DPT-XL,4
SET307-KR-DPT-XS,2
SET307-KR-DPT-XXL,6
SET307-KR-DPT-XXXL,2
SET308-KR-PP-L,4
SET311-KR-NP-S,6
SET313-KR-NP-L,4
SET313-KR-NP-XXL,4
SET315-KR-PP-L,4
SET315-KR-PP-M,4
SET315-KR-PP-S,4
SET315-KR-PP-XL,6
SET315-KR-PP-XS,4
SET315-KR-PP-XXL,4
SET315-KR-PP-XXXL,4
SET316-KR-DPT-XXXL,8
SET317-KR-PP-L,4
SET317-KR-PP-M,4
SET317-KR-PP-S,4
SET317-KR-PP-XL,4
SET317-KR-PP-XS,4
SET317-KR-PP-XXL,4
SET317-KR-PP-XXXL,4
SET318-KR-SHA-S,4
SET319-KR-NP-L,4
SET319-KR-NP-M,4
SET319-KR-NP-S,8
SET319-KR-NP-XL,8
SET319-KR-NP-XS,4
SET319-KR-NP-XXL,4
SET319-KR-NP-XXXL,4
SET320-KR-NP-L,6
SET320-KR-NP-M,6
SET321-KR-DPT-L,4
SET321-KR-DPT-M,8
SET321-KR-DPT-XL,4
SET322-KR-SHA-L,6
SET323-KR-NP-L,8
SET323-KR-NP-M,8
SET323-KR-NP-S,8
SET323-KR-NP-XL,4
SET323-KR-NP-XS,4
SET323-KR-NP-XXXL,4
SET324-KR-NP-XXL,4
SET325-KR-NP-L,8
SET325-KR-NP-M,4
SET325-KR-NP-S,6
SET325-KR-NP-XL,8
SET325-KR-NP-XXL,4
SET325-KR-NP-XXXL,4
SET326-KR-PP-S,4
SET326-KR-PP-XXL,8
SET326-KR-PP-XXXL,4
SET327-KR-DPT-L,4
SET327-KR-DPT-M,8
SET327-KR-DPT-S,4
SET327-KR-DPT-XL,4
SET327-KR-DPT-XS,4
SET327-KR-DPT-XXL,4
SET327-KR-DPT-XXXL,8
SET329-KR-NP-L,8
SET329-KR-NP-S,4
SET329-KR-NP-XXXL,4
SET330-KR-PP-XL,2
SET330-KR-PP-XXL,2
SET331-KR-NP-L,8
SET331-KR-NP-M,4
SET331-KR-NP-S,4
SET331-KR-NP-XXXL,4
SET332-KR-PP-XL,8
SET333-KR-DPT-L,4
SET333-KR-DPT-XL,6
SET333-KR-DPT-XS,6
SET333-KR-DPT-XXL,4
SET334-KR-NP-XS,4
SET334-KR-NP-XXL,4
SET334-KR-NP-XXXL,4
SET336-KR-NP-L,8
SET336-KR-NP-M,4
SET336-KR-NP-S,4
SET337-KR-NP-L,6
SET337-KR-NP-M,6
SET337-KR-NP-S,6
SET337-KR-NP-XL,4
SET337-KR-NP-XS,4
SET337-KR-NP-XXL,4
SET338-KR-NP-M,2
SET339-KR-NP-L,4
SET339-KR-NP-M,6
SET339-KR-NP-XL,8
SET339-KR-NP-XS,4
SET339-KR-NP-XXL,6
SET339-KR-NP-XXXL,4
SET340-KR-NP-XL,2
SET340-KR-NP-XXL,4
SET341-KR-NP-M,4
SET341-KR-NP-XXL,4
SET342-KR-NP-L,8
SET342-KR-NP-M,4
SET342-KR-NP-S,4
SET342-KR-NP-XL,4
SET342-KR-NP-XS,4
SET342-KR-NP-XXL,4
SET342-KR-NP-XXXL,4
SET343-KR-NP-L,4
SET343-KR-NP-S,4
SET343-KR-NP-XL,8
SET343-KR-NP-XS,4
SET343-KR-NP-XXL,4
SET343-KR-NP-XXXL,8
SET344-KR-NP-XXL,6
SET345-KR-NP-XS,8
SET346-KR-PP-XL,4
SET347-KR-NP-XS,8
SET348-KR-NP-L,8
SET348-KR-NP-M,4
SET348-KR-NP-S,8
SET348-KR-NP-XL,8
SET348-KR-NP-XS,4
SET348-KR-NP-XXL,4
SET348-KR-NP-XXXL,4
SET349-KR-NP-L,4
SET349-KR-NP-M,4
SET349-KR-NP-S,4
SET349-KR-NP-XL,4
SET349-KR-NP-XS,4
SET349-KR-NP-XXL,4
SET349-KR-NP-XXXL,4
SET350-KR-NP-L,4
SET350-KR-NP-M,4
SET350-KR-NP-S,4
SET350-KR-NP-XL,4
SET350-KR-NP-XS,4
SET350-KR-NP-XXL,4
SET350-KR-NP-XXXL,4
SET351-KR-NP-M,4
SET351-KR-NP-S,4
SET351-KR-NP-XL,4
SET351-KR-NP-XXL,8
SET351-KR-NP-XXXL,4
SET352-KR-NP-L,8
SET352-KR-NP-XL,4
SET353-KR-NP-L,4
SET353-KR-NP-S,6
SET353-KR-NP-XS,4
SET355-KR-PP-M,4
SET355-KR-PP-XL,4
SET355-KR-PP-XS,6
SET355-KR-PP-XXL,4
SET355-KR-PP-XXXL,4
SET356-KR-NP-M,2
SET358-KR-NP-L,4
SET358-KR-NP-M,8
SET358-KR-NP-S,4
SET358-KR-NP-XS,4
SET358-KR-NP-XXL,4
SET358-KR-NP-XXXL,4
SET363-KR-NP-S,6
SET366-KR-NP-M,2
SET372-KR-PP-XL,2
SET372-KR-PP-XXL,6
SET373-KR-PP-L,8
SET373-KR-PP-M,8
SET373-KR-PP-S,8
SET373-KR-PP-XS,4
SET373-KR-PP-XXL,8
SET373-KR-PP-XXXL,4
SET374-KR-NP-M,6
SET374-KR-NP-XL,6
SET374-KR-NP-XXL,6
SET374-KR-NP-XXXL,4
SET375-KR-NP-L,4
SET375-KR-NP-S,4
SET375-KR-NP-XL,6
SET375-KR-NP-XS,4
SET376-KR-NP-XXXL,2
SET378-KR-NP-L,4
SET378-KR-NP-M,4
SET378-KR-NP-S,6
SET378-KR-NP-XL,6
SET378-KR-NP-XS,6
SET378-KR-NP-XXL,6
SET380-KR-NP-L,8
SET380-KR-NP-M,8
SET380-KR-NP-S,8
SET380-KR-NP-XL,8
SET380-KR-NP-XS,4
SET380-KR-NP-XXL,8
SET380-KR-NP-XXXL,4
SET383-KR-NP-M,2
SET383-KR-NP-S,2
SET383-KR-NP-XL,2
SET383-KR-NP-XXL,2
SET383-KR-NP-XXXL,2
SET384-KR-NP-L,4
SET384-KR-NP-XXL,4
SET385-KR-NP-L,4
SET385-KR-NP-XL,4
SET385-KR-NP-XXL,4
SET386-KR-NP-L,4
SET386-KR-NP-M,4
SET386-KR-NP-XXL,4
SET388-KR-NP-L,4
SET388-KR-NP-M,8
SET388-KR-NP-S,2
SET388-KR-NP-XL,6
SET388-KR-NP-XS,2
SET388-KR-NP-XXL,4
SET388-KR-NP-XXXL,2
SET389-KR-NP-L,8
SET389-KR-NP-M,4
SET389-KR-NP-S,4
SET389-KR-NP-XL,4
SET389-KR-NP-XS,4
SET389-KR-NP-XXL,4
SET389-KR-NP-XXXL,4
SET392-KR-NP-M,8
SET392-KR-NP-S,4
SET392-KR-NP-XL,2
SET392-KR-NP-XXL,6
SET393-KR-NP-XXL,6
SET394-KR-NP-L,8
SET394-KR-NP-S,4
SET394-KR-NP-XL,4
SET394-KR-NP-XS,4
SET394-KR-NP-XXL,4
SET394-KR-NP-XXXL,4
SET395-KR-NP-M,4
SET395-KR-NP-XXL,4
SET396-KR-PP-L,4
SET396-KR-PP-M,4
SET396-KR-PP-S,4
SET396-KR-PP-XL,4
SET396-KR-PP-XXL,4
SET397-KR-NP-L,8
SET397-KR-NP-M,4
SET397-KR-NP-S,4
SET397-KR-NP-XS,4
SET397-KR-NP-XXL,8
SET397-KR-NP-XXXL,8
SET405-KR-NP-L,4
SET405-KR-NP-M,4
SET405-KR-NP-S,4
SET405-KR-NP-XL,4
SET405-KR-NP-XS,4
SET405-KR-NP-XXL,4
SET409-KR-NP-L,4
SET409-KR-NP-M,4
SET409-KR-NP-S,4
SET409-KR-NP-XL,4
SET409-KR-NP-XS,4
SET409-KR-NP-XXL,8
SET413-KR-NP-L,4
SET413-KR-NP-M,4
SET413-KR-NP-S,4
SET413-KR-NP-XL,4
SET413-KR-NP-XS,4
SET413-KR-NP-XXL,4
SET413-KR-NP-XXXL,4
SHIPPING CHARGES,2
SKU,1
TAG PRINTING,1
TAGS,3
TAGS(LABOUR),2
