SKU,PCS
CMB5-JNE3853,70.0
CMB5-JNE3849,70.0
SET268-KR-NP-L,55.0
CMB5-JNE3828,45.0
CMB5-JNE3840,45.0
CMB5-JNE3848,45.0
CMB5-JNE3839,45.0
JNE3640-TP-XL,42.0
JNE3640-TP-L,41.0
CMB5-JNE3844,40.0
CMB5-JNE3830,40.0
CMB5-JNE3827,40.0
JNE3440-KR-L,39.0
JNE3555-KR-L,38.0
JNE3548-KR-M,37.0
SET268-KR-NP-M,37.0
JNE3405-KR-M,37.0
CMB5-JNE3826,35.0
CMB5-JNE3845,35.0
CMB5-JNE3846,35.0
CMB5-JNE3855,35.0
JNE3405-KR-L,33.0
JNE3555-KR-M,33.0
BTM002-L,33.0
JNE3548-KR-XL,33.0
SET268-KR-NP-XL,32.0
JNE3567-KR-M,32.0
JNE2100-KR-144-M,32.0
JNE3576-KR-XL,31.0
JNE3405-KR-XL,31.0
JNE3548-KR-L,31.0
JNE3440-KR-XL,30.0
CMB5-JNE3852,30.0
JNE3560-KR-XL,30.0
JNE3560-KR-M,30.0
JNE3555-KR-XL,30.0
JNE3440-KR-M,29.0
SET110-KR-PP-M,29.0
SET252-KR-PP-S.,29.0
BTM002-XXXL,29.0
JNE3576-KR-M,28.0
JNE3640-TP-XXL,28.0
SET110-KR-PP-S,28.0
JNE3555-KR-XXL,28.0
JNE3576-KR-L,28.0
JNE3555-KR-S.,28.0
SET268-KR-NP-S,28.0
SET110-KR-PP-L,27.0
JNE3548-KR-S,27.0
J0094-KR-M,27.0
JNE3567-KR-L,27.0
BTM002-XL,27.0
JNE3676-TU-M,26.0
JNE3560-KR-L,26.0
J0197-TP-L,26.0
JNE3440-KR-XXL,26.0
J0277-SKD-S,25.0
JNE3440-KR-S,25.0
BTM005-L,25.0
J0197-TP-M,25.0
JNE3489-KR-XL,25.0
JNE3548-KR-XXL,25.0
JNE3489-KR-M,25.0
SET252-KR-PP-L,25.0
BTM005-XL,24.0
SET098-KR-PP-L,24.0
SET210-KR-PP-L,24.0
SET043-KR-NP-M,23.0
JNE3672-TU-XL,23.0
JNE3674-TU-L,23.0
JNE3288-KR-L,23.0
JNE3489-KR-L,22.0
JNE3674-TU-XL,22.0
SET098-KR-PP-M,22.0
JNE3489-KR-XXL,22.0
BTM038-PP-XL,22.0
BTM039-PP-XL,22.0
BTM021-XL,22.0
J0277-SKD-M,22.0
JNE3567-KR-XL,22.0
BTM005-XXXL,22.0
SET186-KR-DH-M,22.0
SET186-KR-DH-L,22.0
JNE3605-KR-XL,22.0
JNE3576-KR-XXL,21.0
JNE3554-KR-S,21.0
JNE3288-KR-XL,21.0
SET268-KR-NP-XXL,21.0
JNE3225-KR-M,21.0
JNE3722-KR-XL,20.0
SET038-KR-PP-L,20.0
BTM021-XXL,20.0
JNE3288-KR-M,20.0
CMB5-JNE3847,20.0
BTM029-NP-XXXL,20.0
JNE3676-TU-L,20.0
JNE2100-KR-144-XL,20.0
BTM005-XXL,20.0
JNE3489-KR-S,20.0
SET286-KR-NP-XL,20.0
SET252-KR-PP-M.,20.0
J0001-DR-L,20.0
JNE2170-KR-436-L,20.0
CMB5-JNE3851,20.0
JNE3669-TU-L,20.0
BTM038-PP-XXXL,20.0
JNE3672-TU-L,20.0
CMB5-JNE3832,20.0
JNE3672-TU-XXL,20.0
JNE3605-KR-L,20.0
SET058-KR-NP-M,20.0
MEN5009-KR-L,20.0
JNE3554-KR-L,20.0
JNE3722-KR-XXL,20.0
BTM021-XXXL,19.0
JNE3554-KR-M,19.0
SET038-KR-PP-M,19.0
JNE3667-TP-L,19.0
SET210-KR-PP-M,19.0
J0201-TP-M,19.0
SET273-KR-NP-M,19.0
BTM029-NP-XXL,19.0
SET038-KR-PP-S,19.0
SET251-KR-PP-L,19.0
SET043-KR-NP-XL,19.0
KURTI,19.0
J0094-KR-S,19.0
J0094-KR-L,19.0
SET098-KR-PP-XL,18.0
BTM039-PP-XXL,18.0
J0006-SET-XS,18.0
JNE3479-KR-XL,18.0
SET043-KR-NP-L,18.0
JNE3759-KR-S,18.0
JNE3759-KR-L,18.0
JNE3435-KR-M,18.0
JNE3688-TU-L,18.0
JNE2170-KR-436-XL,18.0
JNE3225-KR-XL,18.0
J0196-TP-L,18.0
SET058-KR-NP-L,18.0
BTM046-PP-XXXL,18.0
BTM048-PP-XL,18.0
JNE3676-TU-XL,18.0
BTM048-PP-XXXL,18.0
JNE3225-KR-L,18.0
J0118-TP-XXL,18.0
JNE3640-TP-M,18.0
BTM030-NP-L,17.0
JNE2100-KR-144-XXXL,17.0
SET264-KR-NP-L,17.0
MEN5021-KR-M,17.0
JNE3546-KR-M,17.0
JNE2100-KR-144-XXL,17.0
JNE3722-KR-L,17.0
JNE3554-KR-XL,17.0
PJNE3440-KR-5XL,17.0
BTM046-PP-XXL,17.0
JNE3479-KR-L,17.0
J0118-TP-L,17.0
JNE3567-KR-S,17.0
J0094-KR-XL,17.0
BTM040-PP-XL,17.0
JNE3722-KR-M,17.0
BTM040-PP-XXL,17.0
JNE2100-KR-144-L,17.0
JNE3546-KR-L,17.0
J0197-TP-XL,17.0
SET268-KR-NP-XS,17.0
SET306-KR-PP-M,17.0
JNE3435-KR-S,17.0
JNE3674-TU-M,17.0
JNE3609-KR-L,17.0
BTM030-NP-XL,17.0
BTM030-NP-XXL,17.0
BTM030-NP-XXXL,17.0
J0172-TP-L,17.0
SET144-KR-NP-L,17.0
SET182-KR-DH-M,17.0
SET110-KR-PP-XL,17.0
JNE3405-KR-S,17.0
BTM027-NP-XXXL,17.0
JNE3560-KR-XXL,17.0
BTM027-NP-XXL,17.0
J0201-TP-XL,17.0
BTM047-PP-XL,17.0
J0130-SET-M,17.0
J0242-SKD-S,17.0
JNE3605-KR-XXL,17.0
JNE3637-KR-L,17.0
JNE3605-KR-M,17.0
JNE3548-KR-XXXL,16.0
J0196-TP-XL,16.0
JNE3686-TU-XXL,16.0
BTM046-PP-L,16.0
JNE3556-KR-XL,16.0
JNE3546-KR-XL,16.0
JNE3560-KR-XXXL,16.0
J0130-SET-L.,16.0
J0239-SKD-L,16.0
JNE3160-KR-M,16.0
SET328-KR-NP-M,16.0
SET197-KR-NP-M,16.0
J0201-TP-L,16.0
JNE3667-TP-XL,16.0
JNE3667-TP-XXL,16.0
SET267-KR-NP-XXL,16.0
BTM039-PP-L,16.0
BTM021-L,16.0
JNE3479-KR-M,16.0
JNE3405-KR-XXL,16.0
J0118-TP-XL,15.0
JNE3556-KR-M,15.0
JNE3555-KR-XXXL,15.0
SET058-KR-NP-XL,15.0
JNE3686-TU-M,15.0
BTM002-M,15.0
J0230-SKD-L,15.0
SET267-KR-NP-L,15.0
SET236-KR-PP-L,15.0
JNE3651-TP-L,15.0
SET236-KR-PP-M,15.0
BTM047-PP-XXXL,15.0
CMB5-JNE3831,15.0
JNE3564-KR-S,15.0
JNE3639-TP-XL,15.0
CMB5-JNE3843,15.0
JNE3637-KR-XL,15.0
J0242-SKD-L,15.0
JNE3627-KR-XXXL,15.0
SET194-KR-NP-L,15.0
JNE3759-KR-M,15.0
J0094-KR-XXL,15.0
J0130-SET-XL,15.0
SET098-KR-PP-S,15.0
BTM047-PP-XXL,15.0
SET266-KR-NP-L,15.0
J0213-TP-L,15.0
JNE3668-TP-L,15.0
SET210-KR-PP-XL,15.0
JNE3567-KR-XXL,15.0
JNE3435-KR-L,15.0
SET144-KR-NP-M,15.0
JNE2100-KR-144-S,15.0
MEN5014-KR-S,15.0
J0230-SKD-M,15.0
SET266-KR-NP-M,15.0
SET287-KR-NP-L,15.0
BTM029-NP-XL,15.0
BTM047-PP-L,15.0
CMB5-JNE3858,15.0
J0119-TP-L,15.0
J0213-TP-M,15.0
J0086-DR-M,14.0
JNE3672-TU-M,14.0
JNE3669-TU-XL,14.0
JNE3627-KR-XL,14.0
SET262-KR-NP-L,14.0
SET306-KR-PP-L,14.0
JNE3384-KR-XL,14.0
J0277-SKD-L,14.0
JNE3273-KR-L,14.0
JNE3384-KR-L,14.0
JNE3673-TU-XL,14.0
JNE3474-KR-L,14.0
J0097-KR-L,14.0
JNE3639-TP-XXL,14.0
JNE3616-KR-XXL,14.0
J0097-KR-XL,14.0
JNE3273-KR-XXL,14.0
JNE2170-KR-436-M,14.0
SET345-KR-NP-M,14.0
J0023-TP-XL,14.0
JNE3665-TP-L,14.0
SET186-KR-DH-XL,14.0
JNE3557-KR-M,14.0
JNE3567-KR-XXXL,14.0
J0129-SET-M,14.0
BTM044-PP-XXXL,14.0
SET188-KR-NP-XL,14.0
BTM044-PP-XXL,14.0
J0196-TP-M,14.0
SET244-KR-NP-M,14.0
SET251-KR-PP-M,14.0
BTM044-PP-XL,14.0
BTM048-PP-XXL,14.0
JNE3686-TU-L,14.0
BTM044-PP-L,14.0
JNE3688-TU-M,14.0
J0202-TP-L,14.0
BTM038-PP-L,14.0
SET188-KR-NP-M,14.0
BTM002-XXL,14.0
SET188-KR-NP-L,14.0
BTM039-PP-XXXL,14.0
J0138-KR-L,13.0
JNE3665-TP-M,13.0
JNE3435-KR-XL,13.0
J0120-TP-L,13.0
JNE3435-KR-XXL,13.0
JNE2014-KR-178-XL,13.0
JNE3697-KR-XL,13.0
J0021-TP-XL,13.0
JNE3474-KR-XL,13.0
SET062-KR-SP-M,13.0
SET264-KR-NP-S,13.0
J0252-SKD-L,13.0
BTM031-NP-XXL,13.0
J0202-TP-M,13.0
SET172-KR-PP-L,13.0
JNE3722-KR-S,13.0
JNE3651-TP-S,13.0
SET268-KR-NP-XXXL,13.0
JNE2009-KR-310-L,13.0
JNE3560-KR-S,13.0
JNE3605-KR-XXXL,13.0
J0277-SKD-XL,13.0
JNE3564-KR-XL,13.0
JNE2009-KR-310-XXL,13.0
MEN5021-KR-L,13.0
J0239-SKD-XL,13.0
JNE3564-KR-M,13.0
JNE3656-TP-XXL,13.0
J0086-DR-XL,13.0
JNE3609-KR-M,13.0
BTM040-PP-XXXL,13.0
JNE3564-KR-L,13.0
JNE3648-TP-L,13.0
SET275-KR-NP-XL,13.0
JNE3556-KR-XXL,13.0
J0213-TP-XL,13.0
J0001-DR-M,13.0
JNE3674-TU-XXL,13.0
JNE3273-KR-M,13.0
JNE3273-KR-S,13.0
SET275-KR-NP-M,13.0
JNE3686-TU-XL,13.0
JNE3474-KR-M,13.0
J0284-SKD-L,13.0
JNE3547-KR-M,13.0
MEN5029-KR-S,13.0
PJNE3405-KR-5XL,13.0
JNE3547-KR-L,13.0
J0086-DR-L,12.0
JNE3637-KR-M,12.0
JNE3744-TU-L,12.0
SET236-KR-PP-XXL,12.0
J0284-SKD-M,12.0
J0129-SET-XL,12.0
SET262-KR-NP-M,12.0
JNE3256-KR-L,12.0
J0129-SET-L,12.0
JNE3523-KR-M,12.0
JNE3557-KR-L,12.0
SET182-KR-DH-XL,12.0
JNE3571-KR-XL,12.0
JNE3605-KR-S,12.0
SET236-KR-PP-S,12.0
JNE3553-KR-XL,12.0
SET287-KR-NP-XXL,12.0
J0243-DR-M,12.0
JNE3556-KR-S,12.0
SET044-KR-NP-M,12.0
J0152-DR-M,12.0
BTM046-PP-XL,12.0
SET197-KR-NP-L,12.0
JNE3547-KR-XL,12.0
JNE3716-KR-L,12.0
PJ0096-KR-6XL,12.0
JNE3366-KR-1053-XL,12.0
J0239-SKD-M,12.0
MEN5021-KR-XL,12.0
SET244-KR-NP-XL,12.0
JNE3627-KR-M,12.0
SET144-KR-NP-XL,12.0
JNE3751-KR-M,12.0
JNE3571-KR-M,12.0
J0242-SKD-XXL,12.0
JNE3669-TU-M,12.0
J0242-SKD-XS,12.0
JNE3384-KR-XXL,12.0
JNE3751-KR-L,12.0
JNE3673-TU-L,12.0
JNE3673-TU-M,12.0
JNE3535-KR-XL,12.0
SET193-KR-NP-S,12.0
JNE3688-TU-S,12.0
J0120-TP-XXL,12.0
SET262-KR-NP-XL,12.0
JNE3665-TP-S,12.0
JNE3273-KR-XL,12.0
SET264-KR-NP-XL,12.0
J0021-TP-XXXL,12.0
J0021-TP-XXL,12.0
JNE3622-KR-L,12.0
SET062-KR-SP-L,12.0
J0021-TP-L,12.0
SET306-KR-PP-XXL,11.0
MEN5025-KR-XXL,11.0
JNE3252-KR-XL,11.0
J0279-SET-S,11.0
JNE3256-KR-XXL,11.0
SET182-KR-DH-L,11.0
JNE3790-KR-L,11.0
SET326-KR-PP-M,11.0
JNE3640-TP-S,11.0
SET193-KR-NP-M,11.0
JNE3547-KR-XXL,11.0
J0097-KR-M,11.0
J0283-SET-L,11.0
JNE3790-KR-XL,11.0
J0285-SKD-S,11.0
SET326-KR-PP-L,11.0
SET186-KR-DH-S,11.0
JNE3564-KR-XXL,11.0
JNE3405-KR-XXXL,11.0
JNE3561-KR-XL,11.0
JNE3535-KR-M,11.0
JNE3547-KR-S,11.0
JNE3751-KR-S,11.0
JNE3535-KR-L,11.0
JNE3256-KR-M,11.0
J0138-KR-M,11.0
SET227-KR-PP-M,11.0
SET227-KR-PP-L,11.0
JNE3750-KR-L,11.0
SET226-KR-PP-XL,11.0
JNE3744-TU-XXL,11.0
JNE3744-TU-XL,11.0
JNE3637-KR-XXL,11.0
JNE3366-KR-1053-M,11.0
JNE3622-KR-M,11.0
J0243-DR-XL,11.0
JNE3725-KR-L,11.0
J0285-SKD-M,11.0
JNE3523-KR-XL,11.0
JNE3366-KR-1053-L,11.0
JNE3546-KR-S,11.0
JNE3622-KR-XL,11.0
JNE3523-KR-L,11.0
J0152-DR-S,11.0
SET196-KR-NP-M.,11.0
JNE3750-KR-S,11.0
JNE2009-KR-310-XL,11.0
MEN5003-KR-M,11.0
JNE3554-KR-XXL,11.0
JNE3656-TP-L,11.0
J0118-TP-M,11.0
SET286-KR-NP-L,11.0
JNE3687-TU-XXL,11.0
J0006-SET-M,11.0
J0178-TP-S,11.0
SET199-KR-NP-XL,11.0
J0023-TP-L,11.0
JNE2014-KR-178-L,11.0
JNE3576-KR-S,11.0
SET244-KR-NP-L,11.0
SET251-KR-PP-XL,11.0
BTM040-PP-L,11.0
MEN5014-KR-M,11.0
MEN5002-KR-XXXL,11.0
JNE3691-TU-XXL,11.0
SET287-KR-NP-M,11.0
J0012-SKD-L,11.0
J0197-TP-S,11.0
J0009-SKD-XXL,11.0
J0202-TP-XL,11.0
JNE3697-KR-M,11.0
SET266-KR-NP-XL,11.0
SET267-KR-NP-S,11.0
JNE3670-TU-L,11.0
JNE3557-KR-S,11.0
SET328-KR-NP-XXL,11.0
SET144-KR-NP-S,11.0
SET269-KR-NP-L,11.0
JNE3683-TU-L,11.0
SET287-KR-NP-XL,11.0
JNE3678-TU-XXL,11.0
SET300-KR-NP-M,11.0
MEN5009-KR-XL,11.0
JNE3556-KR-L,11.0
SET264-KR-NP-XXXL,11.0
BTM031-NP-XXXL,11.0
JNE3683-TU-XXXL,11.0
SET199-KR-NP-L,11.0
SET252-KR-PP-XS.,11.0
SET225-KR-NP-M,11.0
SET236-KR-PP-XL,11.0
BTM003-XXL,11.0
SET098-KR-PP-XS,11.0
SET193-KR-NP-XXL,10.0
JNE3256-KR-XL,10.0
JNE2032-KR-205-XL,10.0
SET243-KR-PP-L,10.0
JNE3668-TP-M,10.0
SET193-KR-NP-XL,10.0
JNE3384-KR-XXXL,10.0
SET269-KR-NP-S,10.0
SET275-KR-NP-L,10.0
JNE3439-KR-L,10.0
SET245-KR-NP-XL,10.0
J0282-SET-S,10.0
J0001-DR-S,10.0
J0214-TP-XXL,10.0
CMB5-JNE3829,10.0
JNE3440-KR-XXXL,10.0
JNE3547-KR-XXXL,10.0
PJNE3440-KR-6XL,10.0
SET316-KR-DPT-S,10.0
JNE3686-TU-XXXL,10.0
PJNE3405-KR-6XL,10.0
MEN5009-KR-XXL,10.0
PJNE3405-KR-4XL,10.0
JNE3674-TU-XXXL,10.0
J0006-SET-XL,10.0
SET038-KR-PP-XL,10.0
JNE3439-KR-XXL,10.0
JNE3688-TU-XXL,10.0
JNE3439-KR-XL,10.0
JNE3556-KR-XXXL,10.0
JNE3759-KR-XXL,10.0
JNE3628-KR-XXL,10.0
JNE3637-KR-S,10.0
J0118-TP-S,10.0
J0086-DR-XXXL,10.0
JNE3744-TU-M,10.0
SET225-KR-NP-L,10.0
JNE3030-KR-XL,10.0
MEN5016-KR-S,10.0
J0178-TP-M,10.0
JNE3725-KR-XL,10.0
J0178-TP-L,10.0
JNE3639-TP-L,10.0
MEN5015-KR-S,10.0
SET199-KR-NP-S,10.0
SET248-KR-NP-XL,10.0
SET249-KR-NP-L,10.0
SET172-KR-PP-M,10.0
SET225-KR-NP-XXL,10.0
CMB5-JNE3850,10.0
J0081-DR-XL,10.0
SET249-KR-NP-M,10.0
SET291-KR-PP-XL,10.0
SET197-KR-NP-XL,10.0
J0023-TP-M,10.0
JNE3384-KR-M,10.0
MEN5013-KR-XL,10.0
JNE3627-KR-XXL,10.0
JNE3627-KR-L,10.0
SET227-KR-PP-XL,10.0
JNE3256-KR-S,10.0
JNE3710-DR-L,10.0
J0242-SKD-XL,10.0
JNE3750-KR-XXL,10.0
JNE3557-KR-XL,10.0
JNE3725-KR-S,10.0
SET225-KR-NP-XL,10.0
JNE3725-KR-M,10.0
SET291-KR-PP-M,10.0
J0242-SKD-M,10.0
SET266-KR-NP-XXL,10.0
JNE2014-KR-178-XXL,10.0
JNE3566-KR-M,9.0
J0244-SKD-L,9.0
JNE3557-KR-XXL,9.0
SET297-KR-NP-L,9.0
SET289-KR-NP-XL,9.0
JNE3566-KR-S,9.0
SET295-KR-NP-M,9.0
JNE3574-KR-XL,9.0
SET306-KR-PP-XL,9.0
SET232-KR-PP-L,9.0
SET306-KR-PP-XXXL,9.0
SET295-KR-NP-XL,9.0
JNE3609-KR-XL,9.0
SET289-KR-NP-M,9.0
J0123-TP-M,9.0
SET264-KR-NP-M,9.0
J0243-DR-L,9.0
MEN5002-KR-XL.,9.0
JNE2014-KR-178-M,9.0
JNE2014-KR-178-XXXL,9.0
JNE2032-KR-205-L,9.0
JNE3396-KR-S,9.0
JNE3697-KR-L,9.0
JNE3695-KR-L,9.0
BTM042-PP-L,9.0
SET252-KR-PP-XL.,9.0
BTM042-PP-XL,9.0
JNE3691-TU-L,9.0
JNE3683-TU-XXL,9.0
JNE3683-TU-M,9.0
JNE3396-KR-L,9.0
J0002-SKD-M,9.0
JNE3449-KR-S,9.0
MEN5009-KR-M,9.0
JNE3261-KR-XL,9.0
JNE3674-TU-S,9.0
J0008-SKD-M,9.0
JNE3672-TU-XXXL,9.0
J0009-SKD-L,9.0
SET262-KR-NP-S,9.0
J0012-SKD-M,9.0
J0012-SKD-S,9.0
JNE3384-KR-S,9.0
SET200-KR-NP-XXL,9.0
J0230-SKD-S,9.0
SET334-KR-NP-L,9.0
BTM027-NP-XL,9.0
SET184-KR-PP-XXL,9.0
SET248-KR-NP-L,9.0
SET038-KR-PP-XXL,9.0
SET248-KR-NP-M,9.0
SET397-KR-NP-XL,9.0
JNE3750-KR-XXXL,9.0
JNE3750-KR-XL,9.0
JNE3750-KR-M,9.0
SET245-KR-NP-S,9.0
SET194-KR-NP-XL,9.0
SET196-KR-NP-L,9.0
SET245-KR-NP-M,9.0
SET245-KR-NP-L,9.0
SET197-KR-NP-S,9.0
JNE3725-KR-XXL,9.0
SET198-KR-NP-M,9.0
BTM002-S,9.0
SET199-KR-NP-M,9.0
JNE3716-KR-XXL,9.0
BTM003-XL,9.0
JNE3716-KR-S,9.0
JNE3716-KR-M,9.0
JNE3710-DR-XL,9.0
JNE3434-KR-L,9.0
JNE3710-DR-M,9.0
SET289-KR-NP-XXXL,9.0
JNE3561-KR-M,9.0
J0024-KR-L,9.0
J0172-TP-M,9.0
JNE3651-TP-XXL,9.0
JNE3620-KR-XL,9.0
J0097-KR-S,9.0
JNE3648-TP-S,9.0
JNE3535-KR-XXXL,9.0
JNE3648-TP-M,9.0
J0094-KR-XXXL,9.0
J0172-TP-XL,9.0
SET269-KR-NP-XL,9.0
J0176-TP-L,9.0
JNE3366-KR-1053-XXL,9.0
MEN5023-KR-S,9.0
J0241-SKD-M,9.0
J0084-TP-M,9.0
JNE3628-KR-XL,9.0
MEN5021-KR-XXL,9.0
J0086-DR-XXL,9.0
MEN5022-KR-XL,9.0
MEN5017-KR-XXL,9.0
J0098-TP-L,9.0
JNE3256-KR-XXXL,9.0
SET329-KR-NP-XL,9.0
J0154-DR-M,9.0
JNE3030-KR-L,9.0
JNE3616-KR-L,9.0
JNE3030-KR-M,9.0
J0283-SET-M,9.0
MEN5016-KR-M,9.0
JNE3030-KR-XXXL,9.0
JNE3656-TP-S,9.0
SET272-KR-PP-XL,9.0
J0284-SKD-XL,9.0
JNE3421-KR-XXL,8.0
SET287-KR-NP-S,8.0
J0159-DR-S,8.0
J0207-DR-S,8.0
JNE3549-KR-M,8.0
SET275-KR-NP-XXXL,8.0
SET249-KR-NP-XL,8.0
JNE3546-KR-XXXL,8.0
JNE3364-KR-1051-XXL,8.0
SET044-KR-NP-L,8.0
J0208-DR-L,8.0
JNE3421-KR-XL,8.0
JNE3549-KR-L,8.0
J0208-DR-M,8.0
JNE3560-KR-XS,8.0
JNE3364-KR-1051-XL,8.0
J0243-DR-S,8.0
J0202-TP-XXL,8.0
J0166-DR-L,8.0
J0166-DR-M,8.0
J0245-SKD-M,8.0
J0245-SKD-L,8.0
J0178-TP-XXL,8.0
PJNE1906-KR-6XL,8.0
J0147-SET-M,8.0
PJNE3423-KR-4XL,8.0
J0245-SKD-XL,8.0
J0176-TP-XXXL,8.0
JNE3449-KR-M,8.0
J0176-TP-XL,8.0
SET253-KR-NP-M,8.0
J0194-DR-L,8.0
SAR033,8.0
PJ0096-KR-5XL,8.0
PJ0096-KR-4XL,8.0
J0246-SKD-M,8.0
J0172-TP-XXL,8.0
JNE3553-KR-L,8.0
JNE3439-KR-M,8.0
J0243-DR-XXL,8.0
JNE3435-KR-XXXL,8.0
J0198-TP-XXL,8.0
J0201-TP-S,8.0
JNE3434-KR-XXL,8.0
JNE3396-KR-XL,8.0
SET266-KR-NP-S,8.0
SET270-KR-PP-S,8.0
JNE3549-KR-XL,8.0
SET251-KR-PP-XS,8.0
PJNE3440-KR-4XL,8.0
SET245-KR-NP-XXL,8.0
JNE3669-TU-S,8.0
SET374-KR-NP-L,8.0
SET210-KR-PP-XXL,8.0
JNE3701-KR-S,8.0
JNE3701-KR-XL,8.0
SET316-KR-DPT-M,8.0
JNE3701-KR-XXXL,8.0
JNE2032-KR-205-M,8.0
MEN5029-KR-L,8.0
JNE3261-KR-M,8.0
JNE3252-KR-M,8.0
JNE3225-KR-S,8.0
JNE3672-TU-S,8.0
JNE3612-KR-XL,8.0
SET223-KR-NP-L,8.0
JNE3669-TU-XXXL,8.0
J0012-SKD-XL,8.0
MEN5002-KR-XXL,8.0
JNE3273-KR-XXXL,8.0
J0278-SET-M,8.0
SET304-KR-DPT-S,8.0
SET328-KR-NP-XXXL,8.0
SET144-KR-NP-XXL,8.0
MEN5002-KR-S,8.0
J0345-SET-S,8.0
J0014-LCD-M,8.0
JNE3261-KR-L,8.0
JNE2032-KR-205-XXL,8.0
BTM039-PP-M,8.0
JNE3642-TP-M,8.0
MEN5021-KR-S,8.0
J0086-DR-S,8.0
SET226-KR-PP-M,8.0
J0335-DR-M,8.0
JNE3680-TU-L,8.0
JNE3635-KR-L,8.0
JNE3634-KR-L,8.0
MEN5022-KR-XXL,8.0
JNE3628-KR-L,8.0
JNE3627-KR-S,8.0
MEN5025-KR-L,8.0
MEN5025-KR-S,8.0
SET245-KR-NP-XXXL,8.0
JNE3676-TU-S,8.0
JNE3688-TU-XL,8.0
MEN5009-KR-S,8.0
J0285-SKD-L,8.0
MEN5025-KR-XXXL,8.0
SET210-KR-PP-S,8.0
SET205-KR-DPT-XL,8.0
SET205-KR-DPT-S,8.0
JNE3695-KR-XXL,8.0
SET205-KR-DPT-M,8.0
JNE3065-KR-L,8.0
J0335-DR-L,8.0
JNE3713-TP-L,8.0
J0126-SKD-L,8.0
JNE3568-KR-XXL,8.0
JNE3568-KR-XL,8.0
JNE3744-TU-XXXL,8.0
JNE3568-KR-M,8.0
SET221-KR-NP-M,8.0
JNE3759-KR-XL,8.0
J0130-SET-S,8.0
SET295-KR-NP-L,8.0
JNE3762-KR-M,8.0
JNE3762-KR-XL,8.0
JNE3764-KR-M,8.0
JNE3764-KR-XL,8.0
JNE3656-TP-XL,8.0
J0035-KR-M,8.0
J0035-KR-L,8.0
SET293-KR-NP-M,8.0
SET331-KR-NP-XL,8.0
SET334-KR-NP-M,8.0
JNE3364-KR-1051-L,8.0
JNE2266-KR-490-M,8.0
J0024-KR-M,8.0
JNE3364-KR-1051-S,8.0
JNE3790-KR-M,8.0
JNE3732-KR-S,8.0
JNE3568-KR-L,8.0
J0041-SET-XL,8.0
SET198-KR-NP-XL,8.0
JNE2009-KR-310-M,8.0
JNE3574-KR-L,8.0
BTM005-M,8.0
J0120-TP-M,8.0
JNE3728-KR-XXL,8.0
JNE3713-TP-S,8.0
JNE3294-KR-M,8.0
J0014-LCD-XL,8.0
J0119-TP-M,8.0
JNE3718-KR-XXL,8.0
JNE3667-TP-M.,8.0
SET198-KR-NP-S,8.0
JNE2266-KR-490-L,7.0
SET058-KR-NP-XXL,7.0
JNE3445-KR-XL,7.0
JNE3664-TP-XL,7.0
MEN5013-KR-XXL,7.0
SET238-KR-PP-XL,7.0
SET345-KR-NP-XXL,7.0
JNE3676-TU-XXXL,7.0
J0024-KR-S,7.0
JNE3668-TP-S,7.0
SET345-KR-NP-XXXL,7.0
J0012-SKD-XXXL,7.0
PJNE2100-KR-6XL,7.0
SET345-KR-NP-XL,7.0
SET345-KR-NP-S,7.0
MEN5013-KR-S,7.0
SET264-KR-NP-XXL,7.0
JNE2205-KR-467-XXL,7.0
SET345-KR-NP-L,7.0
MEN5009-KR-XXXL,7.0
JNE3480-KR-XL,7.0
JNE2170-KR-436-XXL,7.0
PJNE2014-KR-6XL,7.0
J0185-DR-L,7.0
JNE3667-TP-S,7.0
J0237-SKD-XXXL,7.0
J0008-SKD-S,7.0
SET233-KR-PP-L,7.0
SET205-KR-DPT-L,7.0
JNE3679-TU-XXXL,7.0
J0211-DR-L,7.0
SET200-KR-NP-L,7.0
SET044-KR-NP-S,7.0
JNE3713-TP-M,7.0
JNE3727-KR-M,7.0
SET250-KR-SHA-L,7.0
JNE3729-KR-XL,7.0
JNE3729-KR-XXL,7.0
JNE3421-KR-L,7.0
JNE3732-KR-L,7.0
SET182-KR-DH-S,7.0
JNE3739-KR-L,7.0
SET194-KR-NP-M,7.0
SET055-KR-NP-S,7.0
SET184-KR-PP-L,7.0
SET184-KR-PP-M,7.0
JNE3770-KR-L,7.0
SET246-KR-PP-XL,7.0
SET405-KR-NP-XXXL,7.0
SET184-KR-PP-XL,7.0
SET246-KR-PP-S,7.0
SET246-KR-PP-M,7.0
J0214-TP-L,7.0
J0214-TP-M,7.0
SET246-KR-PP-L,7.0
SET044-KR-NP-XL,7.0
J0203-TP-XS,7.0
JNE3680-TU-XXL,7.0
JNE2266-KR-490-XXL,7.0
SET252-KR-PP-XXXL,7.0
SET252-KR-PP-XXL,7.0
MEN5007-KR-S,7.0
JNE3687-TU-L,7.0
JNE3687-TU-S,7.0
JNE3396-KR-M,7.0
SET351-KR-NP-L,7.0
BTM042-PP-XXXL,7.0
JNE3691-TU-M,7.0
BTM042-PP-M,7.0
JNE2049-KR-351-XXL,7.0
JNE3701-KR-L,7.0
BTM027-NP-L,7.0
MEN5005-KR-L,7.0
SET203-KR-DPT-M,7.0
MEN5004-KR-S,7.0
J0201-TP-XXL,7.0
MEN5004-KR-L,7.0
BTM031-NP-L,7.0
JNE3709-DR-XL,7.0
JNE3434-KR-S,7.0
JNE3396-KR-XXL,7.0
BTM029-NP-L,7.0
SET200-KR-NP-S,7.0
JNE2266-KR-490-XL,7.0
JNE3620-KR-XXXL,7.0
MEN5014-KR-XL,7.0
J0284-SKD-S,7.0
JNE3549-KR-XXL,7.0
JNE3273-KR-XS,7.0
J0110-SKD-M,7.0
MEN5030-KR-L,7.0
SET228-KR-PP-L,7.0
J0282-SET-M,7.0
J0154-DR-L,7.0
SET316-KR-DPT-L,7.0
JNE3616-KR-XL,7.0
MEN5027-KR-XL,7.0
JNE3616-KR-XXXL,7.0
J0157-DR-XXL,7.0
J0284-SKD-XXL,7.0
JNE3288-KR-XXXL,7.0
SET275-KR-NP-XXL,7.0
MEN5026-KR-XXL,7.0
SET275-KR-NP-S,7.0
JNE3546-KR-XXL,7.0
J0101-DR-L,7.0
MEN5026-KR-L,7.0
J0098-TP-XL,7.0
J0098-TP-M,7.0
MEN5025-KR-XL,7.0
JNE3622-KR-S,7.0
SET273-KR-NP-S,7.0
J0161-DR-XXXL,7.0
JNE3288-KR-XXL,7.0
JNE3553-KR-S,7.0
JNE3634-KR-XL,7.0
SET286-KR-NP-XXL,7.0
SET187-KR-DH-M,7.0
JNE3561-KR-XXXL,7.0
JNE3562-KR-M,7.0
SET232-KR-PP-XL,7.0
JNE3563-KR-XL,7.0
J0138-KR-XXL,7.0
SET232-KR-PP-S,7.0
J0139-KR-M,7.0
SET232-KR-PP-M,7.0
JNE3565-KR-XL,7.0
J0132-KR-XL,7.0
JNE3565-KR-XXXL,7.0
JNE3568-KR-S,7.0
J0277-SKD-XXL,7.0
J0126-SKD-M,7.0
JNE3571-KR-S,7.0
SET285-KR-SHA-L,7.0
J0123-TP-S,7.0
JNE3365-KR-1052-L,7.0
JNE3573-KR-M,7.0
JNE3574-KR-M,7.0
JNE3574-KR-XXL,7.0
J0118-TP-XXXL,7.0
J0118-TP-XS,7.0
MEN5032-KR-XL,7.0
JNE3553-KR-XXL,7.0
JNE3535-KR-S,7.0
J0283-SET-XL,7.0
J0081-DR-XXL,7.0
SET110-KR-PP-XS,7.0
SET130-KR-NP-M,7.0
JNE3651-TP-XL,7.0
J0241-SKD-L,7.0
JNE3518-KR-XXXL,7.0
JNE3651-TP-M,7.0
JNE3160-KR-XL,7.0
SET226-KR-PP-L,7.0
J0041-SET-M,7.0
SET270-KR-PP-M,7.0
JNE3518-KR-S,7.0
MEN5017-KR-M,7.0
JNE3649-TP-L,7.0
J0172-TP-S,7.0
SET267-KR-NP-XL,7.0
J0176-TP-M,7.0
MEN5017-KR-L,7.0
MEN5016-KR-XXL,7.0
JNE3642-TP-S,7.0
JNE3656-TP-M,7.0
JNE3030-KR-S,7.0
SET266-KR-NP-XXXL,7.0
JNE3160-KR-L,7.0
J0090-TP-M,7.0
JNE3659-TP-L,7.0
SET226-KR-PP-XXL,7.0
JNE3366-KR-1053-S,7.0
MEN5021-KR-XXXL,7.0
J0241-SKD-XL,7.0
J0057-DR-XXL,7.0
J0084-TP-L,7.0
SET267-KR-NP-M,7.0
JNE3065-KR-XL,6.0
SET062-KR-SP-XL,6.0
SET196-KR-NP-S,6.0
J0225-SKD-M,6.0
SET172-KR-PP-XL,6.0
JNE3294-KR-XXL,6.0
SET098-KR-PP-XXL,6.0
SET043-KR-NP-XXXL,6.0
SET098-KR-PP-XXXL,6.0
JNE2101-KR-210-S,6.0
SET221-KR-NP-XL,6.0
J0246-SKD-S,6.0
SET184-KR-PP-S,6.0
SET187-KR-DH-XL,6.0
SET187-KR-DH-XXL,6.0
JNE3364-KR-1051-M,6.0
J0247-SKD-M,6.0
SET188-KR-NP-S,6.0
JNE3030-KR-XXL,6.0
SET221-KR-NP-L,6.0
SET094-KR-NP-M,6.0
J0249-SKD-XXL,6.0
SET221-KR-NP-S,6.0
SET233-KR-PP-M,6.0
SET094-KR-NP-XL,6.0
J0370-SKD-L,6.0
J0252-SKD-XXL,6.0
J0249-SKD-XS,6.0
SET193-KR-NP-XXXL,6.0
J0252-SKD-XL,6.0
SET200-KR-NP-M,6.0
J0300-TP-L,6.0
JNE2009-KR-310-S,6.0
JNE3252-KR-XXL,6.0
J0283-SET-S,6.0
SET243-KR-PP-M,6.0
JNE2032-KR-205-S,6.0
SET138-KR-PP-XL,6.0
J0341-DR-L,6.0
SET203-KR-DPT-XXL,6.0
SET171-KR-NP-L,6.0
J0236-SKD-M,6.0
JNE3252-KR-XXXL,6.0
SET058-KR-NP-S,6.0
SET171-KR-NP-M,6.0
J0242-SKD-XXXL,6.0
J0295-DR-L,6.0
JNE3255-KR-S,6.0
JNE2101-KR-210-XL,6.0
J0336-TP-XL,6.0
J0336-TP-L,6.0
SET209-KR-PP-L,6.0
SET203-KR-DPT-XL,6.0
J0282-SET-L,6.0
SET228-KR-PP-M,6.0
JNE3400-KR-M,6.0
J0252-SKD-XXXL,6.0
JNE3294-KR-XL,6.0
SET233-KR-PP-S,6.0
SET238-KR-PP-L,6.0
JNE3160-KR-S,6.0
SET199-KR-NP-XXXL,6.0
J0335-DR-XL,6.0
JNE3294-KR-L,6.0
JNE3365-KR-1052-M,6.0
JNE2014-KR-178-S,6.0
JNE2171-KR-437-XL,6.0
JNE2170-KR-436-S,6.0
JNE3288-KR-S,6.0
J0279-SET-L,6.0
SET156-KR-NP-S,6.0
SET200-KR-NP-XL,6.0
SET228-KR-PP-XXL,6.0
J0296-DR-L,6.0
J0306-DR-L,6.0
JNE3788-KR-S,6.0
J0214-TP-XXXL,6.0
JNE3636-KR-M,6.0
SET325-KR-NP-XL,6.0
J0081-DR-M,6.0
J0081-DR-L,6.0
MEN5018-KR-XL,6.0
JNE3648-TP-XL,6.0
JNE3648-TP-XXL,6.0
JNE3649-TP-M,6.0
JNE3649-TP-S,6.0
MEN5018-KR-M,6.0
SET328-KR-NP-L,6.0
J0057-DR-XL,6.0
J0057-DR-M,6.0
J0057-DR-L,6.0
SET328-KR-NP-S,6.0
SET328-KR-NP-XL,6.0
MEN5017-KR-XL,6.0
J0041-SET-XXL,6.0
JNE3654-TP-XXL,6.0
SET329-KR-NP-XXL,6.0
J0035-KR-XL,6.0
SET331-KR-NP-XXL,6.0
MEN5016-KR-L,6.0
MEN5015-KR-XXL,6.0
JNE3659-TP-XL,6.0
JNE3660-TP-XL,6.0
MEN5022-KR-M,6.0
SET038-KR-PP-XXXL,6.0
J0024-KR-XL,6.0
JNE3630-KR-M,6.0
JNE3571-KR-XXL,6.0
JNE3573-KR-L,6.0
JNE3573-KR-XL,6.0
SET302-KR-PP-L,6.0
J0119-TP-XL,6.0
JNE3577-KR-XL,6.0
JNE3581-KR-XXL,6.0
JNE3606-KR-S,6.0
SET306-KR-PP-XS,6.0
J0110-SKD-XXL,6.0
JNE3611-KR-L,6.0
JNE3611-KR-M,6.0
JNE3611-KR-S,6.0
JNE3611-KR-XL,6.0
J0109-SKD-L,6.0
JNE3616-KR-S,6.0
SET316-KR-DPT-XL,6.0
SET316-KR-DPT-XS,6.0
MEN5027-KR-S,6.0
JNE3617-KR-M,6.0
MEN5027-KR-M,6.0
JNE3617-KR-XL,6.0
JNE3617-KR-XXXL,6.0
J0097-KR-XS,6.0
JNE3630-KR-L,6.0
JNE3660-TP-XXL,6.0
SET334-KR-NP-XL,6.0
JNE3571-KR-L,6.0
MEN5004-KR-XXL,6.0
MEN5003-KR-XXL,6.0
MEN5003-KR-S,6.0
JNE3708-TU-XXXL,6.0
JNE3710-DR-XXL,6.0
BTM008-XXL,6.0
BTM003-L,6.0
JNE3717-KR-L,6.0
SET378-KR-NP-XXXL,6.0
JNE3728-KR-L,6.0
JNE3728-KR-XL,6.0
JNE3732-KR-M,6.0
JNE3739-KR-XL,6.0
JNE3744-TU-S,6.0
JNE3751-KR-XXXL,6.0
SET397-KR-NP-L,6.0
SET397-KR-NP-XXL,6.0
SET397-KR-NP-XXXL,6.0
JNE3762-KR-XXXL,6.0
JNE3767-KR-XS,6.0
JNE3778-KR-S,6.0
JNE3793-KR-XL,6.0
JNE3793-KR-S,6.0
JNE3793-KR-M,6.0
JNE3793-KR-L,6.0
JNE3790-KR-S,6.0
MEN5004-KR-M,6.0
JNE3703-KR-XXXL,6.0
J0014-LCD-L,6.0
MEN5005-KR-S,6.0
MEN5010-KR-XXXL,6.0
JNE3668-TP-XXL,6.0
J0012-SKD-XXL,6.0
JNE3669-TU-XXL,6.0
MEN5010-KR-XXL,6.0
JNE3673-TU-XXL,6.0
SET343-KR-NP-M,6.0
J0006-SET-XXXL,6.0
J0006-SET-XXL,6.0
J0006-SET-L,6.0
J0005-DR-XXL,6.0
J0001-DR-XL,6.0
JNE3683-TU-S,6.0
BTM048-PP-L,6.0
JNE3687-TU-M,6.0
MEN5007-KR-M,6.0
JNE3688-TU-XXXL,6.0
JNE3691-TU-XXXL,6.0
MEN5005-KR-XXL,6.0
SET355-KR-PP-L,6.0
SET355-KR-PP-S,6.0
BTM038-PP-XXL,6.0
JNE3697-KR-XXL,6.0
BTM038-PP-M,6.0
JNE3701-KR-M,6.0
J0123-TP-L,6.0
JNE3634-KR-M,6.0
J0136-KR-XXXL,6.0
JNE3439-KR-XXXL,6.0
JNE3539-KR-XL,6.0
J0159-DR-XS,6.0
JNE3434-KR-XL,6.0
J0153-DR-XL,6.0
J0203-TP-L,6.0
JNE3434-KR-M,6.0
SET278-KR-NP-L,6.0
JNE3549-KR-S,6.0
J0203-TP-XL,6.0
J0152-DR-XS,6.0
NW012-TP-PJ-S,6.0
JNE3432-KR-S,6.0
JNE3553-KR-M,6.0
J0148-SET-XXXL,6.0
SET281-KR-PP-L,6.0
J0148-SET-L,6.0
SET281-KR-PP-M,6.0
JNE3555-KR-XS,6.0
SET282-KR-PP-XL,6.0
J0198-TP-XXXL,6.0
JNE3524-KR-L,6.0
SET286-KR-NP-M,6.0
SET270-KR-PP-XL,6.0
PJNE2100-KR-5XL,6.0
JNE3480-KR-M,6.0
JNE3480-KR-L,6.0
SET263-KR-NP-S,6.0
JNE3489-KR-XXXL,6.0
JNE3501-KR-L,6.0
J0129-SET-S,6.0
SET262-KR-NP-XXL,6.0
PJNE3252-KR-5XL,6.0
JNE3449-KR-L,6.0
SET267-KR-NP-XXXL,6.0
PJNE3445-KR-4XL,6.0
JNE3518-KR-M,6.0
PJNE3445-KR-5XL,6.0
JNE3445-KR-XXL,6.0
SET253-KR-NP-XL,6.0
SET269-KR-NP-XXL,6.0
JNE3522-KR-L,6.0
JNE3522-KR-M,6.0
SET285-KR-SHA-S,6.0
J0185-DR-M,6.0
J0207-DR-XL,6.0
SET251-KR-PP-S,6.0
SET250-KR-SHA-M,6.0
J0138-KR-XL,6.0
JNE3421-KR-M,6.0
JNE3562-KR-XL,6.0
SET291-KR-PP-S,6.0
SET290-KR-DPT-L,6.0
J0210-DR-M,6.0
JNE3420-KR-L,6.0
J0138-KR-S,6.0
SET248-KR-NP-S,6.0
J0130-SET-XXL,6.0
J0212-DR-L,6.0
J0129-SET-XXL,6.0
JNE2049-KR-351-M,5.0
JNE3697-KR-S,5.0
J0397-DR-M,5.0
J0398-DR-XS,5.0
JNE3770-KR-M,5.0
JNE3729-KR-M,5.0
JNE2049-KR-351-L,5.0
JNE3445-KR-L,5.0
JNE3770-KR-S,5.0
JNE3391-KR-L,5.0
JNE3441-KR-XL,5.0
JNE3698-KR-L,5.0
JNE3813-KR-M,5.0
JNE3764-KR-L,5.0
PJNE3568-KR-5XL,5.0
JNE3798-KR-XL,5.0
JNE3691-TU-XL,5.0
JNE3770-KR-XL,5.0
JNE3676-TU-XXL,5.0
JNE3678-TU-L,5.0
JNE3679-TU-L,5.0
JNE3479-KR-S,5.0
JNE3680-TU-M,5.0
SET062-KR-SP-S,5.0
SET037-KR-NP-XXL,5.0
JNE3683-TU-XL,5.0
JNE2101-KR-210-L,5.0
JNE3684-TU-M,5.0
JNE3684-TU-XL,5.0
JNE3684-TU-XXXL,5.0
JNE3686-TU-S,5.0
JNE3775-KR-L,5.0
JNE3703-KR-L,5.0
JNE3770-KR-XXL,5.0
J0396-DR-M,5.0
JNE3763-KR-S,5.0
JNE3437-KR-XXXL,5.0
JNE3703-KR-XL,5.0
SAR045,5.0
SET055-KR-NP-L,5.0
JNE3741-KR-M,5.0
JNE3718-KR-L,5.0
SET037-KR-NP-L,5.0
JNE3870-DR-S,5.0
SET044-KR-NP-XXL,5.0
JNE3721-KR-M,5.0
JNE3721-KR-XL,5.0
JNE3721-KR-XXXL,5.0
JNE3722-KR-XXXL,5.0
JNE1998-KR-311-L,5.0
JNE3856-KR-L,5.0
JNE3863-TU-L,5.0
JNE3729-KR-XXXL,5.0
SET172-KR-PP-XXXL,5.0
JNE3729-KR-S,5.0
JNE3428-KR-XL,5.0
JNE3728-KR-M,5.0
JNE3428-KR-S,5.0
JNE3432-KR-L,5.0
JNE3716-KR-XXXL,5.0
JNE3480-KR-S,5.0
JNE3709-DR-L,5.0
JNE3729-KR-L,5.0
JNE3422-KR-L,5.0
MEN5004-KR-XL,5.0
JNE3404-KR-XL,5.0
SET037-KR-NP-XL,5.0
SET037-KR-NP-S,5.0
JNE3396-KR-XXXL,5.0
JNE3749-KR-L,5.0
JNE3710-DR-S,5.0
JNE3713-TP-XL,5.0
JAN8641-S TO XXL,5.0
SET037-KR-NP-M,5.0
JNE3741-KR-XL,5.0
JNE3712-TP-L,5.0
JNE3712-TP-M,5.0
MEN5002-KR-M,5.0
JNE3712-TP-XXL,5.0
JNE1977-KR-237-XL,5.0
JNE3716-KR-XL,5.0
JNE3568-KR-XXXL,5.0
SET154-KR-NP-XL,5.0
JNE3561-KR-S,5.0
JNE3612-KR-XXL,5.0
JNE3261-KR-XXXL,5.0
JNE3261-KR-XXL,5.0
JNE3612-KR-XXXL,5.0
MEN5029-KR-XL,5.0
JNE3614-KR-S,5.0
JNE3614-KR-XL,5.0
JNE3614-KR-XS,5.0
MEN5029-KR-M,5.0
JNE3261-KR-S,5.0
JNE3615-KR-L,5.0
JNE3615-KR-XXXL,5.0
JNE3616-KR-M,5.0
JNE3559-KR-XL,5.0
JNE3364-KR-1051-XXXL,5.0
MEN5026-KR-S,5.0
JNE3620-KR-L,5.0
JNE3620-KR-M,5.0
JNE3620-KR-S,5.0
JNE3620-KR-XXL,5.0
JNE3622-KR-XXL,5.0
JNE3628-KR-XXXL,5.0
JNE3365-KR-1052-S,5.0
JNE3561-KR-L,5.0
MEN5030-KR-XL,5.0
JNE3634-KR-XXL,5.0
MEN5031-KR-XL,5.0
JNE3567-KR-XS,5.0
JNE3573-KR-S,5.0
JNE3294-KR-XXXL,5.0
JNE3566-KR-L,5.0
JNE3565-KR-XXL,5.0
JNE3574-KR-S,5.0
JNE3575-KR-XXL,5.0
JNE3576-KR-XS,5.0
JNE3565-KR-M,5.0
JNE3576-KR-XXXL,5.0
JNE3565-KR-L,5.0
JNE3578-KR-S,5.0
JNE3578-KR-XL,5.0
JNE3578-KR-XXL,5.0
JNE3581-KR-L,5.0
JNE3581-KR-M,5.0
JNE3606-KR-L,5.0
JNE3606-KR-M,5.0
JNE3563-KR-M,5.0
JNE3606-KR-XL,5.0
JNE3606-KR-XXL,5.0
JNE3606-KR-XXXL,5.0
JNE3561-KR-XXL,5.0
JNE3634-KR-XS,5.0
JNE3635-KR-M,5.0
MEN5010-KR-M,5.0
JNE3654-TP-S,5.0
SET131-KR-NP-L,5.0
MEN5016-KR-XL,5.0
JNE3657-TP-XL,5.0
JNE3373-KR-M,5.0
JNE3518-KR-XL,5.0
JNE3504-KR-XXXL,5.0
JNE2307-KR-572-XL,5.0
SET073-KR-SHA-S,5.0
JNE3662-TP-L,5.0
JNE2270-KR-487-L,5.0
JNE3662-TP-M,5.0
SET073-KR-SHA-M,5.0
JNE3664-TP-S,5.0
JNE3501-KR-M,5.0
SET073-KR-SHA-L,5.0
JNE3500-KR-XL,5.0
JNE3500-KR-L,5.0
JNE2205-KR-467-M,5.0
SET154-KR-NP-L,5.0
JNE3671-TU-L,5.0
JNE3671-TU-M,5.0
PJNE2100-KR-4XL,5.0
JNE3672-TU-XS,5.0
JNE3373-KR-L,5.0
SET130-KR-NP-XXL,5.0
JNE3635-KR-S,5.0
SET130-KR-NP-XL,5.0
JNE3635-KR-XL,5.0
JNE3255-KR-M,5.0
JNE3255-KR-L,5.0
JNE3636-KR-L,5.0
JNE3365-KR-1052-XL.,5.0
JNE3636-KR-XL,5.0
JNE3640-TP-XS,5.0
JNE3641-TP-M,5.0
JNE3642-TP-L,5.0
MEN5019-KR-S,5.0
JNE3644-TP-S,5.0
MEN5019-KR-L,5.0
JNE3548-KR-XS,5.0
JNE3535-KR-XXL,5.0
JNE3534-KR-XXL,5.0
SET130-KR-NP-L,5.0
JNE3534-KR-XL,5.0
JNE3534-KR-S,5.0
JNE3534-KR-M,5.0
JNE3534-KR-L,5.0
JNE3651-TP-XS,5.0
JNE3065-KR-M,5.0
JNE3522-KR-S,5.0
MEN5014-KR-L,5.0
JNE3578-KR-L,5.0
J0278-SET-L,5.0
SET281-KR-PP-XL,5.0
SET339-KR-NP-S,5.0
J0230-SKD-XXL,5.0
J0139-KR-XXXL,5.0
SET240-KR-PP-S,5.0
SET334-KR-NP-S,5.0
J0024-KR-XS,5.0
J0024-KR-XXL,5.0
SET333-KR-DPT-M,5.0
J0139-KR-L,5.0
J0138-KR-XXXL,5.0
J0306-DR-XXXL,5.0
SET290-KR-DPT-XL,5.0
SET220-KR-PP-S,5.0
SET239-KR-NP-M,5.0
J0041-SET-L,5.0
SET239-KR-NP-L,5.0
J0041-SET-XXXL,5.0
SET329-KR-NP-M,5.0
J0136-KR-M,5.0
SET282-KR-PP-S,5.0
J0147-SET-L,5.0
SET238-KR-PP-S,5.0
J0226-SKD-XXL,5.0
J0210-DR-XL,5.0
SET358-KR-NP-XL,5.0
SET272-KR-PP-XXL,5.0
J0161-DR-XL,5.0
J0333-DR-L,5.0
J0212-DR-XL,5.0
SET217-KR-PP-M,5.0
J0332-DR-M,5.0
SET347-KR-NP-XXXL,5.0
SET347-KR-NP-XXL,5.0
SET217-KR-PP-XL,5.0
SET347-KR-NP-XL,5.0
CMB5-JNE3857,5.0
SET347-KR-NP-S,5.0
SET347-KR-NP-M,5.0
SET217-KR-PP-XXL,5.0
J0002-SKD-L,5.0
J0154-DR-S,5.0
SET276-KR-PP-XXXL,5.0
J0077-SKD-S,5.0
J0236-SKD-XL,5.0
SET248-KR-NP-XXL,5.0
J0093-DR-XXL,5.0
J0096-KR-M,5.0
J0279-SET-M,5.0
SET301-KR-PP-M,5.0
J0278-SET-XL,5.0
J0194-DR-XL,5.0
J0120-TP-XXXL,5.0
J0101-DR-XXL,5.0
J0120-TP-XL,5.0
J0252-SKD-S,5.0
SET316-KR-DPT-XXL,5.0
J0243-DR-XS,5.0
SET230-KR-PP-XXL,5.0
J0243-DR-XXXL,5.0
J0249-SKD-M,5.0
J0244-SKD-M,5.0
J0246-SKD-L,5.0
SET232-KR-PP-XXL,5.0
SET306-KR-PP-S,5.0
SET304-KR-DPT-L,5.0
J0126-SKD-S,5.0
J0093-DR-XL,5.0
SET326-KR-PP-XL,5.0
J0131-KR-L,5.0
J0297-TP-XXXL,5.0
J0237-SKD-L,5.0
J0237-SKD-M,5.0
J0081-DR-S,5.0
J0083-KR-M,5.0
J0083-KR-S,5.0
J0135-SET-S,5.0
SET236-KR-PP-XXXL,5.0
SET323-KR-NP-XXL,5.0
J0238-LCD-L,5.0
SET291-KR-PP-XXXL,5.0
SET293-KR-NP-L,5.0
SET293-KR-NP-S,5.0
J0132-KR-XXL,5.0
J0131-KR-XXL,5.0
J0292-TP-XXL,5.0
SET293-KR-NP-XXXL,5.0
SET227-KR-PP-S,5.0
J0285-SKD-XS,5.0
SET373-KR-PP-XL,5.0
SET347-KR-NP-L,5.0
SET188-KR-NP-XXL,5.0
SET194-KR-NP-S,5.0
SET263-KR-NP-M,5.0
SET253-KR-NP-XXXL,5.0
SET394-KR-NP-M,5.0
SET375-KR-NP-XXL,5.0
SET198-KR-NP-L,5.0
J0196-TP-XXL,5.0
SET383-KR-NP-L,5.0
SET198-KR-NP-XXL,5.0
SET375-KR-NP-M,5.0
J0371-SKD-L,5.0
SET199-KR-NP-XXL,5.0
J0344-TP-L,5.0
J0198-TP-L,5.0
J0202-TP-S,5.0
J0204-TP-M,5.0
J0204-TP-XL,5.0
J0186-SET-M,5.0
SET269-KR-NP-M,5.0
SET272-KR-PP-L,5.0
SET196-KR-NP-XXL,5.0
J0336-TP-M,5.0
SET265-KR-NP-M,5.0
J0201-TP-XXXL,5.0
J0208-DR-XL,5.0
J0335-DR-XXL,5.0
SET253-KR-NP-L,5.0
J0185-DR-S,5.0
SET251-KR-PP-XXL,5.0
J0194-DR-XXL,5.0
J0183-TP-L,5.0
J0194-DR-M,5.0
SET250-KR-SHA-S,5.0
J0178-TP-XS,5.0
J0178-TP-XL,5.0
J0131-KR-M,4.0
PJNE3399-KR-6XL,4.0
PJNE3399-KR-5XL,4.0
JNE3566-KR-XXL,4.0
J0188-KR-L,4.0
JNE3566-KR-XL,4.0
J0132-KR-S,4.0
JNE3461-KR-XS,4.0
PJNE3399-KR-4XL,4.0
JNE3563-KR-XXXL,4.0
JNE3564-KR-XXXL,4.0
JNE3488-KR-M,4.0
PJNE3363-KR-5XL,4.0
PJNE3252-KR-6XL,4.0
SET291-KR-PP-L,4.0
SET295-KR-NP-S,4.0
PJNE2270-KR-5XL,4.0
SET291-KR-PP-XXL,4.0
J0185-DR-XL,4.0
JNE3528-KR-L,4.0
JNE3457-KR-M,4.0
SET295-KR-NP-XXL,4.0
JNE3577-KR-S,4.0
JNE3449-KR-XL,4.0
J0120-TP-S,4.0
J0119-TP-XXL,4.0
J0119-TP-XS,4.0
J0119-TP-S,4.0
PJNE3445-KR-6XL,4.0
JNE3577-KR-L,4.0
PJNE3568-KR-4XL,4.0
JNE3445-KR-XXXL,4.0
J0127-SKD-XXL,4.0
SET253-KR-NP-S,4.0
JNE3577-KR-XXXL,4.0
JNE3578-KR-M,4.0
SET303-KR-NP-L,4.0
MEN5032-KR-S,4.0
JNE3581-KR-S,4.0
JNE3445-KR-M,4.0
JNE3581-KR-XL,4.0
JNE3449-KR-XXL,4.0
SET258-KR-PP-M,4.0
J0120-TP-XS,4.0
JNE3575-KR-XL,4.0
SET297-KR-NP-M,4.0
SET297-KR-NP-S,4.0
JNE3570-KR-L,4.0
NW003-TP-PJ-S,4.0
PJNE3421-KR-6XL,4.0
PJNE3423-KR-5XL,4.0
SET300-KR-NP-L,4.0
JNE3571-KR-XXXL,4.0
SET300-KR-NP-XXL,4.0
PJNE3423-KR-6XL,4.0
JNE3573-KR-XXL,4.0
JNE3573-KR-XXXL,4.0
PJNE3439-KR-4XL,4.0
PJNE3439-KR-5XL,4.0
SET302-KR-PP-S,4.0
JNE3575-KR-L,4.0
PJNE3439-KR-6XL,4.0
SET290-KR-DPT-XXL,4.0
J0179-KR-L,4.0
PJNE2014-KR-5XL,4.0
J0171-DR-XXL,4.0
JNE3522-KR-XL,4.0
SET270-KR-PP-L,4.0
J0171-DR-L,4.0
JNE3546-KR-XS,4.0
J0158-DR-XXL,4.0
SET269-KR-NP-XXXL,4.0
J0171-DR-XL,4.0
SET276-KR-PP-L,4.0
J0161-DR-L,4.0
J0157-DR-XL,4.0
J0171-DR-XXXL,4.0
JNE3518-KR-L,4.0
J0157-DR-M,4.0
NW012-TP-PJ-XL,4.0
J0154-DR-XS,4.0
SET305-KR-DPT-S,4.0
SET273-KR-NP-XS,4.0
JNE3539-KR-XXXL,4.0
JNE3507-KR-S,4.0
J0162-SKD-M,4.0
JNE3528-KR-M,4.0
JNE3528-KR-XL,4.0
JNE3528-KR-XXL,4.0
JNE3528-KR-XXXL,4.0
SET272-KR-PP-S,4.0
J0166-DR-XL,4.0
J0166-DR-S,4.0
SET273-KR-NP-XL,4.0
JNE3539-KR-XXL,4.0
JNE3524-KR-M,4.0
JNE3539-KR-L,4.0
JNE3539-KR-M,4.0
JNE3523-KR-XS,4.0
JNE3539-KR-S,4.0
SET270-KR-PP-XXL,4.0
J0161-DR-M,4.0
NW030-TP-PJ-S,4.0
SET277-KR-NP-L,4.0
JNE3488-KR-XXXL,4.0
J0136-KR-S,4.0
JNE3501-KR-S,4.0
J0177-KR-L,4.0
SET289-KR-NP-L,4.0
SET290-KR-DPT-M,4.0
J0177-KR-XL,4.0
PJNE1906-KR-4XL,4.0
J0136-KR-XL,4.0
JNE3562-KR-L,4.0
J0139-KR-XXL,4.0
J0177-KR-XXXL,4.0
JNE3500-KR-S,4.0
SET265-KR-NP-S,4.0
JNE3562-KR-S,4.0
J0136-KR-L,4.0
NW006-ST-SR-S,4.0
JNE3563-KR-L,4.0
JNE3501-KR-XL,4.0
J0176-TP-XXL,4.0
J0153-DR-M,4.0
J0147-SET-S,4.0
SET278-KR-NP-XXL,4.0
J0152-DR-L,4.0
JNE3506-KR-XXXL,4.0
NW012-TP-PJ-M,4.0
J0151-KR-S,4.0
SET279-LC-XL,4.0
NW012-TP-PJ-L,4.0
JNE3506-KR-L,4.0
NW006-ST-SR-XXL,4.0
SET281-KR-PP-S,4.0
SET281-KR-PP-XXL,4.0
SET282-KR-PP-L,4.0
SET282-KR-PP-XXL,4.0
SET285-KR-SHA-M,4.0
SET285-KR-SHA-XL,4.0
JNE3501-KR-XXL,4.0
MEN5031-KR-XXXL,4.0
SET187-KR-DH-L,4.0
SET305-KR-DPT-XL,4.0
SET380-KR-NP-XXL,4.0
JNE3708-TU-L,4.0
MEN5003-KR-L,4.0
JNE3708-TU-S,4.0
SET373-KR-PP-XXL,4.0
JNE3708-TU-XXL,4.0
JNE3709-DR-M,4.0
JNE3710-DR-XXXL,4.0
MEN5002-KR-L,4.0
BTM021-M,4.0
BTM008-XXXL,4.0
MEN5001-KR-M.,4.0
BTM008-M,4.0
BTM005-XS,4.0
BTM005-S,4.0
JNE3870-DR-XXL,4.0
JNE3718-KR-XXXL,4.0
JNE3870-DR-XL,4.0
JNE3864-TU-XXL,4.0
JNE3720-KR-L,4.0
SET380-KR-NP-L,4.0
JNE3864-TU-XL,4.0
SET380-KR-NP-M,4.0
SET380-KR-NP-S,4.0
JNE3707-DR-XL,4.0
SET373-KR-PP-S,4.0
SET373-KR-PP-M,4.0
SET351-KR-NP-XXL,4.0
JNE3679-TU-M,4.0
JNE3679-TU-XL,4.0
JNE3680-TU-XL,4.0
SET347-KR-NP-XS,4.0
SET348-KR-NP-L,4.0
SET348-KR-NP-S,4.0
SET348-KR-NP-XL,4.0
MEN5007-KR-XL,4.0
JNE3687-TU-XXXL,4.0
MEN5007-KR-L,4.0
JNE3691-TU-S,4.0
SET373-KR-PP-L,4.0
SET352-KR-NP-L,4.0
JNE3695-KR-XL,4.0
BTM037-PP-XXXL,4.0
JNE3698-KR-S,4.0
JNE3698-KR-XL,4.0
JNE3698-KR-XXL,4.0
BTM037-PP-L,4.0
SET358-KR-NP-M,4.0
MEN5005-KR-XL,4.0
MEN5005-KR-M,4.0
SET380-KR-NP-XL,4.0
JNE3722-KR-XS,4.0
JNE3607-KR-M,4.0
JNE3863-TU-XXXL,4.0
JNE3758-KR-S,4.0
JNE3819-KR-XL,4.0
JNE3819-KR-L,4.0
JNE3816-KR-XL,4.0
BL084-187GOLD,4.0
BL078-87BLACK,4.0
JNE3764-KR-S,4.0
JNE3764-KR-XXL,4.0
JNE3766-KR-L,4.0
JNE3767-KR-S,4.0
BL030-78BEIGE,4.0
JNE3807-KR-XXL,4.0
BL020-71RED,4.0
JNE3805-KR-XL,4.0
JNE3771-KR-S,4.0
JNE3774-KR-XL,4.0
JNE3774-KR-XXL,4.0
SET409-KR-NP-XXL,4.0
JNE3782-KR-L,4.0
JNE3791-DR-M,4.0
JNE3788-KR-XXL,4.0
JNE3785-KR-XXL,4.0
JNE3788-KR-XL,4.0
JNE3823-KR-L,4.0
JNE3756-KR-XXL,4.0
JNE3751-KR-XXL,4.0
JNE3732-KR-XS,4.0
JNE3863-TU-XXL,4.0
JNE3863-TU-XS,4.0
JNE3863-TU-XL,4.0
JNE3863-TU-S,4.0
JNE3727-KR-L,4.0
JNE3727-KR-S,4.0
SET388-KR-NP-M,4.0
BL104-XL,4.0
SET389-KR-NP-L,4.0
JNE3863-TU-M,4.0
SET392-KR-NP-M,4.0
JNE3751-KR-XL,4.0
JNE3739-KR-S,4.0
JNE3739-KR-XXL,4.0
JNE3741-KR-L,4.0
JNE3741-KR-S,4.0
BL099-XL,4.0
JNE3835-KR-XXL,4.0
JNE3835-KR-S,4.0
JNE3835-KR-M,4.0
SET394-KR-NP-L,4.0
JNE3750-KR-XS,4.0
J0002-SKD-S,4.0
JNE3678-TU-XL,4.0
JNE3678-TU-S,4.0
J0002-SKD-XXL,4.0
J0096-KR-XL,4.0
J0096-KR-L,4.0
JNE3622-KR-XXXL,4.0
J0093-DR-XXXL,4.0
MEN5023-KR-XXL,4.0
J0093-DR-M,4.0
JNE3627-KR-XS,4.0
J0093-DR-L,4.0
SET319-KR-NP-S,4.0
SET319-KR-NP-XL,4.0
MEN5022-KR-XXXL,4.0
JNE3630-KR-S,4.0
JNE3630-KR-XL,4.0
JNE3630-KR-XXL,4.0
JNE3633-KR-M,4.0
J0090-TP-XXXL,4.0
SET321-KR-DPT-M,4.0
J0090-TP-XL,4.0
SET323-KR-NP-L,4.0
JNE3635-KR-XS,4.0
JNE3635-KR-XXL,4.0
JNE3635-KR-XXXL,4.0
SET323-KR-NP-M,4.0
J0096-KR-XXL,4.0
J0096-KR-XXXL,4.0
J0097-KR-XXL,4.0
J0105-KR-XL,4.0
JNE3607-KR-XL,4.0
JNE3607-KR-XXXL,4.0
MEN5031-KR-L,4.0
MEN5030-KR-XXL,4.0
MEN5030-KR-S,4.0
JNE3611-KR-XS,4.0
JNE3611-KR-XXL,4.0
MEN5030-KR-M,4.0
JNE3614-KR-M,4.0
J0105-KR-XXL,4.0
J0105-KR-S,4.0
J0097-KR-XXXL,4.0
J0105-KR-M,4.0
JNE3614-KR-XXXL,4.0
J0105-KR-L,4.0
MEN5028-KR-L,4.0
MEN5027-KR-XXL,4.0
J0102-SKD-L,4.0
SET316-KR-DPT-XXXL,4.0
MEN5027-KR-L,4.0
J0101-DR-XL,4.0
J0098-TP-XXL,4.0
SET323-KR-NP-S,4.0
JNE3636-KR-S,4.0
JNE3636-KR-XXL,4.0
JNE3671-TU-S,4.0
JNE3665-TP-XS,4.0
MEN5013-KR-M,4.0
J0014-LCD-XXXL,4.0
J0014-LCD-XXL,4.0
J0014-LCD-S,4.0
SET339-KR-NP-XL,4.0
JNE3669-TU-XS,4.0
JNE3670-TU-M,4.0
JNE3670-TU-XL,4.0
JNE3670-TU-XXXL,4.0
MEN5010-KR-XL,4.0
SET336-KR-NP-L,4.0
J0009-SKD-XXXL,4.0
SET342-KR-NP-L,4.0
J0009-SKD-M,4.0
JNE3673-TU-XXXL,4.0
SET343-KR-NP-XL,4.0
SET343-KR-NP-XXXL,4.0
J0003-SET-XXXL,4.0
J0003-SET-XXL,4.0
J0003-SET-XS,4.0
SET345-KR-NP-XS,4.0
JNE3665-TP-XL,4.0
J0023-TP-S,4.0
MEN5022-KR-L,4.0
J0042-DR-XL,4.0
SET325-KR-NP-L,4.0
JNE3639-TP-S,4.0
J0083-KR-XL,4.0
JNE3641-TP-L,4.0
JNE3642-TP-XL,4.0
JNE3645-TP-L,4.0
SET326-KR-PP-XXL,4.0
SET327-KR-DPT-M,4.0
SET327-KR-DPT-XXXL,4.0
SET329-KR-NP-L,4.0
J0042-DR-M,4.0
JNE3659-TP-XXL,4.0
MEN5017-KR-XXXL,4.0
MEN5017-KR-S,4.0
J0037-KR-XXL,4.0
J0037-KR-XL,4.0
J0037-KR-L,4.0
J0035-KR-S,4.0
SET331-KR-NP-L,4.0
SET332-KR-PP-XL,4.0
JNE3659-TP-M,4.0
MEN5015-KR-XL,4.0
JNE3441-KR-XXL,4.0
SET297-KR-NP-XL,4.0
J0205-TP-XL,4.0
J0205-TP-XXXL,4.0
JNE2032-KR-205-XXXL,4.0
J0207-DR-XXL,4.0
J0302-DR-XXXL,4.0
JNE3368-KR-XXXL,4.0
JNE2049-KR-351-S,4.0
SET221-KR-NP-XXL,4.0
JNE3042-KR-XL,4.0
SET131-KR-NP-M,4.0
SET250-KR-SHA-XL,4.0
J0306-DR-M,4.0
J0306-DR-XL,4.0
SET205-KR-DPT-XXL,4.0
J0210-DR-L,4.0
JNE3420-KR-XXL,4.0
JNE3420-KR-XL,4.0
J0336-TP-XXL,4.0
J0210-DR-XXL,4.0
SET205-KR-DPT-XXXL,4.0
JNE3788-KR-M,4.0
SET209-KR-PP-M,4.0
J0335-DR-S,4.0
SET171-KR-NP-S,4.0
SET131-KR-NP-XXL,4.0
JNE3423-KR-XXL,4.0
SET223-KR-NP-S,4.0
SET110-KR-PP-XXXL,4.0
SET130-KR-NP-S,4.0
JNE3432-KR-M,4.0
J0204-TP-L,4.0
JNE3441-KR-S,4.0
JNE3429-KR-XL,4.0
JNE3429-KR-S,4.0
SET014-KR-PP-M,4.0
JNE3429-KR-L,4.0
JNE1998-KR-311-M,4.0
JNE1998-KR-311-S,4.0
JNE1998-KR-311-XL,4.0
J0349-SET-S,4.0
J0347-SET-S,4.0
JNE3428-KR-L,4.0
J0342-TP-XXXL,4.0
SET083-KR-PP-M,4.0
J0342-TP-XL,4.0
J0297-TP-XXL,4.0
SET223-KR-NP-XXXL,4.0
J0341-DR-XL,4.0
SET055-KR-NP-XL,4.0
SET233-KR-PP-XL,4.0
SET233-KR-PP-XXL,4.0
JNE3065-KR-XXL,4.0
SET209-KR-PP-S,4.0
JNE2307-KR-572-L,4.0
SET209-KR-PP-XL,4.0
SET158-KR-PP-XXXL,4.0
SET147-KR-NP-S,4.0
SET147-KR-NP-M,4.0
SET147-KR-NP-L,4.0
JNE3383-KR-XXXL,4.0
J0237-SKD-XXL,4.0
J0307-TP-M,4.0
JNE2270-KR-487-XXL,4.0
J0237-SKD-S,4.0
JNE2270-KR-487-XL,4.0
SET243-KR-PP-XL,4.0
SET055-KR-NP-M,4.0
JNE2270-KR-487-S,4.0
JNE2251-KR-537-M,4.0
SET145-KR-NP-L,4.0
J0236-SKD-L,4.0
JNE2270-KR-487-M,4.0
SET055-KR-NP-XXL,4.0
SET240-KR-PP-M,4.0
JNE3391-KR-M,4.0
JNE3391-KR-XXXL,4.0
JNE3391-KR-XXL,4.0
J0328-KR-S,4.0
JNE3391-KR-S,4.0
JNE3399-KR-XXL,4.0
JNE2171-KR-437-L,4.0
JNE2170-KR-436-XXXL,4.0
JNE3376-KR-L,4.0
J0212-DR-M,4.0
SET158-KR-PP-XL,4.0
SET246-KR-PP-XXL,4.0
SET158-KR-PP-M,4.0
J0212-DR-XXL,4.0
JNE3405-KR-XS,4.0
JNE2132-KR-398-XXL,4.0
J0214-TP-XL,4.0
SET073-KR-SHA-XL,4.0
SET156-KR-NP-M,4.0
J0225-SKD-L,4.0
J0332-DR-L,4.0
JNE3376-KR-M,4.0
J0225-SKD-S,4.0
SET236-KR-PP-XS,4.0
J0225-SKD-XL,4.0
JNE3376-KR-XL,4.0
JNE3376-KR-XXL,4.0
SET131-KR-NP-XXXL,4.0
J0225-SKD-XXL,4.0
J0332-DR-XL,4.0
JNE3400-KR-XL,4.0
J0203-TP-XXXL,4.0
JNE3391-KR-XL,4.0
JNE3432-KR-XL,4.0
J0398-DR-XXL,4.0
J0370-SKD-XXXL,4.0
J0295-DR-M,4.0
J0249-SKD-L,4.0
SET225-KR-NP-XXXL,4.0
J0398-DR-M,4.0
SET182-KR-DH-XXL,4.0
JNE3252-KR-S,4.0
J0198-TP-M,4.0
JNE3363-KR-1032-M,4.0
JNE1951-KR-155-XXXL,4.0
J0296-DR-S,4.0
SET094-KR-NP-L,4.0
J0396-DR-L,4.0
J0249-SKD-XXXL,4.0
JNE1977-KR-237-M,4.0
SET094-KR-NP-XXL,4.0
JNE3437-KR-M,4.0
J0198-TP-S,4.0
SAR044,4.0
J0284-SKD-XXXL,4.0
J0399-DR-SC,4.0
J0285-SKD-XL,4.0
SAR046,4.0
SET193-KR-NP-L,4.0
J0292-TP-L,4.0
SAR079,4.0
SAR086,4.0
J0282-SET-XL,4.0
J0197-TP-XXXL,4.0
SET227-KR-PP-XXXL,4.0
J0197-TP-XS,4.0
JNE3439-KR-S,4.0
J0292-TP-XL,4.0
SET183-KR-DH-S,4.0
JNE3252-KR-L,4.0
J0248-SET-XXXL,4.0
JNE3441-KR-M,4.0
J0198-TP-XL,4.0
JNE3294-KR-S,4.0
J0297-TP-XS,4.0
J0352-KR-M,4.0
JNE3432-KR-XXL,4.0
J0246-SKD-XXXL,4.0
J0248-SET-M,4.0
J0203-TP-S,4.0
J0203-TP-M,4.0
J0248-SET-S,4.0
JNE3434-KR-XXXL,4.0
J0201-TP-XS,4.0
SAR043,4.0
J0283-SET-XXL,4.0
JNE3225-KR-XXL,4.0
SET230-KR-PP-M,4.0
JNE3311-KR-XL,4.0
JNE3225-KR-XXXL,4.0
J0012-SKD-XS,3.0
J0278-SET-S,3.0
JNE3671-TU-XXL,3.0
JNE3664-TP-XS,3.0
MEN5010-KR-S,3.0
JNE3664-TP-M,3.0
MEN5011-KR-M,3.0
J0094-KR-XS,3.0
SET227-KR-PP-XXL,3.0
JNE3621-KR-L,3.0
J0101-DR-S,3.0
JNE3628-KR-M,3.0
J0277-SKD-XS,3.0
J0254-SKD-XXL,3.0
J0279-SET-XL,3.0
J0009-SKD-XS,3.0
JNE3668-TP-XL,3.0
JNE3664-TP-L,3.0
JNE3628-KR-S,3.0
JNE3663-TP-S,3.0
SET228-KR-PP-XL,3.0
J0101-DR-M,3.0
JNE3624-KR-XL,3.0
JNE3664-TP-XXL,3.0
JNE3619-KR-XXXL,3.0
MEN5023-KR-XL,3.0
SET337-KR-NP-S,3.0
SET333-KR-DPT-XS,3.0
SET337-KR-NP-M,3.0
JNE3625-DR-M,3.0
SET337-KR-NP-L,3.0
SET138-KR-PP-S,3.0
JNE3666-TP-S,3.0
JNE3619-KR-XL,3.0
MEN5023-KR-M,3.0
MEN5026-KR-M,3.0
SET339-KR-NP-XXL,3.0
JNE3666-TP-M,3.0
J0307-TP-XXL,3.0
JNE3621-KR-XL,3.0
JNE3665-TP-XXL,3.0
JNE2266-KR-490-S,3.0
JNE3619-KR-M,3.0
JNE2305-KR-533-L,3.0
J0281-SKD-M,3.0
SET339-KR-NP-M,3.0
MEN5015-KR-L,3.0
J0092-SET-L,3.0
J0083-KR-XXXL,3.0
JNE3652-TP-M,3.0
J0087-TP-XL,3.0
J0087-TP-M,3.0
MEN5018-KR-L,3.0
J0086-DR-XS,3.0
J0301-TP-XXXL,3.0
J0073-KR-L,3.0
J0077-SKD-L,3.0
JNE3645-TP-XXL,3.0
MEN5022-KR-S,3.0
J0079-SKD-M,3.0
JNE3645-TP-S,3.0
SET325-KR-NP-S,3.0
J0084-TP-S,3.0
JNE3644-TP-XS,3.0
JNE2305-KR-533-XL,3.0
J0083-KR-XXL,3.0
J0080-TP-M,3.0
MEN5019-KR-XXL,3.0
JNE3642-TP-XXL,3.0
SET110-KR-PP-XXL,3.0
JNE3642-TP-XS,3.0
J0297-TP-L,3.0
J0080-TP-S,3.0
J0080-TP-XL,3.0
SET224-KR-NP-XXL,3.0
J0083-KR-L,3.0
MEN5020-KR-XL,3.0
MEN5020-KR-XXL,3.0
J0080-TP-XXXL,3.0
JNE3652-TP-XL,3.0
J0041-SET-S,3.0
JNE3654-TP-XL,3.0
J0037-KR-XXXL,3.0
SET320-KR-NP-L,3.0
J0023-TP-XS,3.0
J0091-TP-XXL,3.0
J0285-SKD-XXL,3.0
J0091-TP-XL,3.0
SET320-KR-NP-M,3.0
JNE3634-KR-S,3.0
J0024-KR-XXXL,3.0
J0091-TP-L,3.0
MEN5014-KR-XXL,3.0
J0080-TP-XXL,3.0
SET333-KR-DPT-XL,3.0
SET131-KR-NP-XL,3.0
JNE3660-TP-M,3.0
J0292-TP-XS,3.0
J0292-TP-XXXL,3.0
SET219-KR-PP-XXL,3.0
J0033-KR-L,3.0
SET322-KR-SHA-L,3.0
JNE2307-KR-572-XXL,3.0
J0293-DR-XS,3.0
J0295-DR-S,3.0
J0033-KR-XL,3.0
J0304-TP-XXXL,3.0
JNE3656-TP-XS,3.0
J0035-KR-XXL,3.0
SET131-KR-NP-S,3.0
J0037-KR-S,3.0
JNE3042-KR-M,3.0
J0194-DR-S,3.0
JNE3687-TU-XL,3.0
JNE2265-KR-501-XXL,3.0
JNE3736-KR-S,3.0
JNE3738-KR-XXL,3.0
JNE3739-KR-M,3.0
J0352-KR-XXL,3.0
BL100-L,3.0
JNE3739-KR-XXXL,3.0
JNE1977-KR-237-S,3.0
BL099-XXL,3.0
JNE1977-KR-237-L,3.0
JNE3741-KR-XXL,3.0
JNE3741-KR-XXXL,3.0
JNE3742-KR-L,3.0
JNE3835-KR-XXXL,3.0
JNE3835-KR-XS,3.0
JNE3835-KR-XL,3.0
SET392-KR-NP-XXL,3.0
SET393-KR-NP-XXL,3.0
JNE3834-KR-XXXL,3.0
JNE3834-KR-XXL,3.0
JNE3834-KR-XL,3.0
JNE3736-KR-XL,3.0
JNE3736-KR-M,3.0
J0009-SKD-S,3.0
JNE3736-KR-L,3.0
JNE3720-KR-S,3.0
JNE3720-KR-XL,3.0
JNE3720-KR-XXL,3.0
JNE3720-KR-XXXL,3.0
SET203-KR-DPT-L,3.0
J0350-SET-L,3.0
JNE1998-KR-311-XXL,3.0
SET197-KR-NP-XXXL,3.0
SET197-KR-NP-XXL,3.0
JNE3728-KR-S,3.0
SET197-KR-NP-XS,3.0
SET388-KR-NP-XL,3.0
SET172-KR-PP-XXL,3.0
BL104-M,3.0
JNE3861-DR-SC,3.0
JNE1977-KR-237-XXXL,3.0
JNE3861-DR-L,3.0
JNE3856-KR-S,3.0
JNE1977-KR-237-XXL,3.0
JNE3834-KR-S,3.0
BL093-M,3.0
BL093-L,3.0
JNE3834-KR-M,3.0
JNE3807-KR-XS,3.0
JNE3807-KR-XL,3.0
JNE3807-KR-L,3.0
JNE3773-KR-L,3.0
JNE3798-KR-M,3.0
SET184-KR-PP-XXXL,3.0
J0373-KR-M,3.0
JNE3775-KR-M,3.0
JNE3775-KR-S,3.0
JNE3775-KR-XL,3.0
BL009-61BLACK,3.0
SET187-KR-DH-XXXL,3.0
JNE3780-KR-XL,3.0
J0382-SKD-M,3.0
JNE3792-KR-M,3.0
JNE3792-KR-L,3.0
JNE3785-KR-L,3.0
JNE3787-KR-XL,3.0
SET186-KR-DH-XXL,3.0
J0397-DR-S,3.0
J0398-DR-L,3.0
JNE3813-KR-XL,3.0
JNE3758-KR-XL,3.0
J0401-DR-SC,3.0
JNE3834-KR-L,3.0
JNE3833-KR-XXL,3.0
JNE3756-KR-S,3.0
SET183-KR-DH-XXL,3.0
JNE3822-KR-L,3.0
JNE3758-KR-L,3.0
JNE3758-KR-M,3.0
JNE3758-KR-XXL,3.0
JNE3813-KR-XXL,3.0
BL087-M,3.0
BL087-L,3.0
J0399-DR-M,3.0
SET183-KR-DH-XXXL,3.0
JNE3762-KR-L,3.0
JNE3816-KR-M,3.0
BL085-L,3.0
JNE3816-KR-L,3.0
JNE3720-KR-M,3.0
SET203-KR-DPT-S,3.0
SET378-KR-NP-XXL,3.0
J0333-DR-M,3.0
MEN5007-KR-XXXL,3.0
SET217-KR-PP-S,3.0
JNE2171-KR-437-S,3.0
SET154-KR-NP-M,3.0
JNE3683-TU-XS,3.0
JNE3684-TU-L,3.0
MEN5007-KR-XXL,3.0
JNE3684-TU-XXL,3.0
J0254-SKD-L,3.0
BTM042-PP-XXL,3.0
MEN5006-KR-XL,3.0
MEN5006-KR-S,3.0
SET217-KR-PP-L,3.0
JNE2153-KR-278-M,3.0
JNE3693-KR-L,3.0
JNE3693-KR-XL,3.0
JNE3693-KR-XXL,3.0
SET353-KR-NP-S,3.0
SET355-KR-PP-XS,3.0
JNE3679-TU-XXL,3.0
SET145-KR-NP-XL,3.0
JNE3679-TU-S,3.0
J0004-SKD-M,3.0
MEN5010-KR-L,3.0
J0007-SKD-L,3.0
J0005-DR-XXXL,3.0
JNE2265-KR-501-M,3.0
JNE3674-TU-XS,3.0
J0005-DR-M,3.0
JNE2265-KR-501-L,3.0
SET344-KR-NP-XXL,3.0
J0004-SKD-L,3.0
JNE2205-KR-467-L,3.0
SET144-KR-NP-XXXL,3.0
JNE2251-KR-537-L,3.0
JNE3678-TU-M,3.0
JNE2205-KR-467-XXXL,3.0
SET217-KR-PP-XXXL,3.0
JNE3678-TU-XS,3.0
JNE2205-KR-467-XL,3.0
JNE3678-TU-XXXL,3.0
BTM039-PP-S,3.0
JNE3698-KR-M,3.0
SET378-KR-NP-XS,3.0
SET156-KR-NP-XXL,3.0
BTM021-S,3.0
J0338-DR-L,3.0
JNE2049-KR-351-XL,3.0
SET375-KR-NP-XL,3.0
MEN5001-KR-XXXL,3.0
JNE3714-KR-M,3.0
SET204-KR-DPT-XL,3.0
SET204-KR-DPT-M,3.0
BTM003-XXXL,3.0
SET378-KR-NP-S,3.0
BTM002-XS,3.0
JNE3717-KR-M,3.0
J0341-DR-M,3.0
JNE3717-KR-XL,3.0
JNE3717-KR-XXL,3.0
JNE3717-KR-XXXL,3.0
SET378-KR-NP-XL,3.0
JNE3718-KR-M,3.0
JNE3718-KR-XL,3.0
JNE3712-TP-S,3.0
BTM021-XS,3.0
BTM026-NP-L,3.0
JNE3708-TU-XL,3.0
JNE3703-KR-S,3.0
SET363-KR-NP-S,3.0
SET372-KR-PP-XXL,3.0
SET171-KR-NP-XL,3.0
BTM032-NP-XXXL,3.0
JNE2101-KR-210-XXXL,3.0
MEN5003-KR-XL,3.0
JNE2101-KR-210-XXL,3.0
SET171-KR-NP-XS,3.0
SET205-KR-DPT-XS,3.0
SET374-KR-NP-M,3.0
SET374-KR-NP-XL,3.0
SET374-KR-NP-XXL,3.0
JNE3709-DR-XXXL,3.0
BTM027-NP-XS,3.0
BTM027-NP-S,3.0
BTM027-NP-M,3.0
J0337-TP-L,3.0
J0101-DR-XXXL,3.0
J0080-TP-XS,3.0
SET043-KR-NP-S,3.0
JNE3553-KR-XXXL,3.0
SET244-KR-NP-XXL,3.0
SET244-KR-NP-S,3.0
SET278-KR-NP-M,3.0
SET243-KR-PP-XXL,3.0
SET044-KR-NP-XXXL,3.0
SET279-LC-M,3.0
J0151-KR-L,3.0
J0148-SET-XL,3.0
JNE3415-KR-S,3.0
J0147-SET-XXXL,3.0
J0147-SET-XXL,3.0
J0147-SET-XL,3.0
JNE3399-KR-M,3.0
JNE3399-KR-L,3.0
J0228-SKD-S,3.0
SET243-KR-PP-S,3.0
J0154-DR-XL,3.0
JNE3404-KR-M,3.0
SET276-KR-PP-XXL,3.0
SET276-KR-PP-XL,3.0
SET273-KR-NP-L,3.0
J0165-TP-L,3.0
J0211-DR-XL,3.0
SET038-KR-PP-XS,3.0
J0211-DR-XXL,3.0
J0161-DR-S,3.0
JNE3537-KR-L,3.0
JNE3408-KR-XXL,3.0
J0212-DR-S,3.0
JNE3545-KR-XL,3.0
J0214-TP-XS,3.0
SET273-KR-NP-XXL,3.0
SET273-KR-NP-XXXL,3.0
SET244-KR-NP-XXXL,3.0
J0157-DR-S,3.0
J0230-SKD-XS,3.0
JNE3396-KR-XS,3.0
SET285-KR-SHA-XXL,3.0
J0133-KR-XXL,3.0
J0132-KR-XXXL,3.0
NW006-ST-SR-L,3.0
JNE3383-KR-M,3.0
JNE3383-KR-L,3.0
J0239-SKD-S,3.0
J0130-SET-XXXL,3.0
J0239-SKD-XXL,3.0
JNE3373-KR-XS,3.0
SET073-KR-SHA-XXL,3.0
JNE3373-KR-S,3.0
J0126-SKD-XL,3.0
SET234-KR-PP-S,3.0
SET297-KR-NP-XXXL,3.0
J0123-TP-XL,3.0
J0122-TP-XXXL,3.0
JNE3565-KR-S,3.0
JNE3383-KR-S,3.0
SET286-KR-NP-S,3.0
JNE3383-KR-XL,3.0
SET286-KR-NP-XXXL,3.0
SET240-KR-PP-XXXL,3.0
JNE3559-KR-L,3.0
JNE3559-KR-XXL,3.0
SET287-KR-NP-XXXL,3.0
J0139-KR-XL,3.0
J0139-KR-S,3.0
SET289-KR-NP-XXL,3.0
SET055-KR-NP-XS,3.0
SET239-KR-NP-XXL,3.0
SET058-KR-NP-XXXL,3.0
JNE3563-KR-XXL,3.0
SET062-KR-SP-XXL,3.0
J0237-SKD-XL,3.0
JNE3383-KR-XXL,3.0
JNE3534-KR-XXXL,3.0
J0211-DR-S,3.0
SET300-KR-NP-XS,3.0
SET261-KR-PP-M,3.0
SET258-KR-PP-XL,3.0
JNE3457-KR-XL,3.0
PJNE3364-KR-6XL,3.0
PJNE3364-KR-5XL,3.0
PJNE3364-KR-4XL,3.0
JNE3437-KR-L,3.0
JNE3464-KR-XXXL,3.0
PJNE2171-KR-6XL,3.0
J0211-DR-M,3.0
J0186-SET-XXL,3.0
SET263-KR-NP-L,3.0
J0186-SET-XL,3.0
JNE3435-KR-XS,3.0
PJNE2171-KR-5XL,3.0
J0186-SET-L,3.0
SET251-KR-PP-XXXL,3.0
JNE3455-KR-XXXL,3.0
JNE3455-KR-XXL,3.0
JNE3455-KR-XL,3.0
JNE3455-KR-S,3.0
JNE3441-KR-XXXL,3.0
JNE3443-KR-L,3.0
PSET268-KR-NP-5XL,3.0
J0195-TP-L,3.0
J0195-TP-XL,3.0
J0195-TP-XXL,3.0
J0195-TP-XXXL,3.0
SET254-KR-NP-L,3.0
SET254-KR-NP-S,3.0
J0196-TP-S,3.0
J0196-TP-XS,3.0
JNE3449-KR-XXXL,3.0
J0197-TP-XXL,3.0
JNE3455-KR-L,3.0
JNE3455-KR-M,3.0
J0183-TP-XXL,3.0
J0183-TP-M,3.0
SAREE,3.0
JNE3516-KR-XL,3.0
SET250-KR-SHA-XXL,3.0
JNE3518-KR-XXL,3.0
SET037-KR-NP-XS,3.0
JNE3423-KR-L,3.0
J0170-TP-L,3.0
JNE3422-KR-XXL,3.0
JNE3522-KR-XS,3.0
JNE3422-KR-XL,3.0
JNE3523-KR-S,3.0
JNE3422-KR-S,3.0
JNE3422-KR-M,3.0
JNE3523-KR-XXL,3.0
SET272-KR-PP-M,3.0
JNE3524-KR-XL,3.0
SET037-KR-NP-XXXL,3.0
JNE3423-KR-XXXL,3.0
JNE3516-KR-M,3.0
J0202-TP-XS,3.0
JNE3516-KR-L,3.0
SET265-KR-NP-XL,3.0
JNE3489-KR-XS,3.0
J0178-TP-XXXL,3.0
JNE3497-KR-M,3.0
JNE3497-KR-S,3.0
JNE3497-KR-XXL,3.0
JNE3500-KR-M,3.0
JNE3500-KR-XXL,3.0
JNE3428-KR-XXL,3.0
J0174-TP-M,3.0
JNE3428-KR-M,3.0
JNE3504-KR-S,3.0
J0172-TP-XXXL.,3.0
JNE3506-KR-M,3.0
SET014-KR-PP-XXL,3.0
SET300-KR-NP-XL,3.0
JNE2101-KR-210-M,3.0
JNE3311-KR-M,3.0
NW002-TP-PJ-M,3.0
JNE3366-KR-1053-XXXL,3.0
SET094-KR-NP-XXXL,3.0
JNE3610-KR-L,3.0
JNE3578-KR-XXXL,3.0
J0251-SKD-XL,3.0
J0246-SKD-XXL,3.0
J0246-SKD-XL,3.0
JNE3313-KR-XXL,3.0
J0244-SKD-XL,3.0
MEN5031-KR-XXL,3.0
JNE3614-KR-L,3.0
J0114-TP-XXXL,3.0
JNE3613-KR-XXXL,3.0
JNE3615-KR-XXL,3.0
JNE3605-KR-XS,3.0
J0109-SKD-M,3.0
JNE3363-KR-1032-XL,3.0
MEN5029-KR-XXL,3.0
JNE3606-KR-XS,3.0
J0241-SKD-S,3.0
J0114-TP-L,3.0
JNE3613-KR-XXL,3.0
J0119-TP-XXXL,3.0
JNE3577-KR-M,3.0
SET315-KR-PP-XL,3.0
JNE3365-KR-1052-XXXL,3.0
JNE3613-KR-XL,3.0
J0114-TP-XL,3.0
JNE3365-KR-1052-XXL,3.0
SET307-KR-DPT-XXL,3.0
SET303-KR-NP-M,3.0
JNE3348-KR-M,3.0
SET311-KR-NP-S,3.0
J0109-SKD-XS,3.0
J0103-SKD-M,3.0
JNE3612-KR-L,3.0
JNE3368-KR-XL,3.0
JNE3612-KR-S,3.0
JNE3612-KR-M,3.0
J0109-SKD-XL,3.0
SET083-KR-PP-XXL,3.0
J0250-SKD-L,3.0
J0103-SKD-L,3.0
JNE3348-KR-XL,3.0
SET100-KR-PP-L,3.0
J0103-SKD-XL,3.0
SET302-KR-PP-XL,3.0
JNE3835-KR-L,2.0
PJNE3068-KR-6XL,2.0
SET182-KR-DH-XXXL,2.0
SET183-KR-DH-L,2.0
JNE3837-KR-L,2.0
SET263-KR-NP-XXL,2.0
SET100-KR-PP-XXXL,2.0
SET229-KR-PP-M,2.0
SET319-KR-NP-L,2.0
SET394-KR-NP-S,2.0
JNE3837-KR-XXL,2.0
SET315-KR-PP-S,2.0
JNE3856-KR-M,2.0
SET263-KR-NP-XL,2.0
SET265-KR-NP-L,2.0
JNE3856-KR-XL,2.0
JNE3856-KR-XS,2.0
SET394-KR-NP-XL,2.0
SET194-KR-NP-XXXL,2.0
PJNE3068-KR-5XL,2.0
JNE3836-KR-XS,2.0
SET229-KR-PP-L,2.0
MEN5024-KR-XXL,2.0
SET231-KR-PP-L,2.0
MEN5024-KR-M,2.0
JNE3836-KR-L,2.0
PJNE2199-KR-4XL,2.0
JNE3836-KR-M,2.0
JNE3836-KR-S,2.0
JNE3836-KR-XL,2.0
JNE3836-KR-XXL,2.0
SET392-KR-NP-S,2.0
PJNE2199-KR-5XL,2.0
SET195-KR-NP-L,2.0
JNE3836-KR-XXXL,2.0
PJNE2199-KR-6XL,2.0
SET097-KR-PP-XXXL,2.0
PJNE2270-KR-4XL,2.0
PJNE2270-KR-6XL,2.0
SET261-KR-PP-S,2.0
PJNE3068-KR-4XL,2.0
JNE3856-KR-XXL,2.0
SET075-KR-DH-XL,2.0
JNE3856-KR-XXXL,2.0
JNE3864-TU-XS,2.0
JNE3864-TU-L,2.0
JNE3864-TU-M,2.0
SET384-KR-NP-L,2.0
SET198-KR-NP-XS,2.0
MEN5023-KR-L,2.0
SET380-KR-NP-XXXL,2.0
NW036-ST-SR-XXL,2.0
SET380-KR-NP-XS,2.0
NW036-ST-SR-XL,2.0
SET202-KR-NP-XXXL,2.0
JNE3864-TU-S,2.0
SET171-KR-NP-XXXL,2.0
NW036-ST-SR-S,2.0
SET319-KR-NP-M,2.0
NW036-ST-SR-M,2.0
NW036-ST-SR-L,2.0
NW031-TP-PJ-XXL,2.0
NW031-TP-PJ-S,2.0
NW030-TP-PJ-XXL,2.0
JNE3864-TU-XXXL,2.0
JNE3870-DR-L,2.0
JNE3870-DR-M,2.0
SET014-KR-PP-XXXL,2.0
NW030-TP-PJ-XL,2.0
SET203-KR-DPT-XS,2.0
NW030-TP-PJ-M,2.0
SET319-KR-NP-XXXL,2.0
SET319-KR-NP-XXL,2.0
SET319-KR-NP-XS,2.0
SET014-KR-PP-XL,2.0
SET228-KR-PP-S,2.0
SET389-KR-NP-XXXL,2.0
SET389-KR-NP-XXL,2.0
SET389-KR-NP-XS,2.0
SET389-KR-NP-XL,2.0
SET389-KR-NP-S,2.0
SET389-KR-NP-M,2.0
PJNE2014-KR-4XL,2.0
SET394-KR-NP-XS,2.0
SET196-KR-NP-XXXL,2.0
SET315-KR-PP-M,2.0
SET388-KR-NP-XXL,2.0
SET227-KR-PP-XS,2.0
PJNE1906-KR-5XL,2.0
SET388-KR-NP-L,2.0
SET386-KR-NP-XXL,2.0
SET172-KR-PP-S,2.0
SET386-KR-NP-M,2.0
SET315-KR-PP-L,2.0
SET014-KR-PP-L,2.0
SET386-KR-NP-L,2.0
SET385-KR-NP-XXL,2.0
SET385-KR-NP-XL,2.0
SET385-KR-NP-L,2.0
SET384-KR-NP-XXL,2.0
PJNE3252-KR-4XL,2.0
SET395-KR-NP-XXL,2.0
SET260-KR-PP-XL,2.0
SET184-KR-PP-XS,2.0
JNE3797-KR-XL,2.0
JNE3797-KR-XXL,2.0
SET253-KR-NP-XXL,2.0
SET315-KR-PP-XXXL,2.0
SET409-KR-NP-S,2.0
JNE3798-KR-XXL,2.0
JNE3802-KR-XXXL,2.0
JNE3804-KR-L,2.0
SET315-KR-PP-XXL,2.0
JNE3805-KR-L,2.0
SET191-KR-PP-L,2.0
JNE3805-KR-XXL,2.0
SET409-KR-NP-M,2.0
SET409-KR-NP-L,2.0
SET254-KR-NP-XL,2.0
SET405-KR-NP-XXL,2.0
SET405-KR-NP-XS,2.0
JNE3805-KR-XXXL,2.0
SET315-KR-PP-XS,2.0
JNE3807-KR-M,2.0
JNE3807-KR-SC,2.0
SET254-KR-NP-M,2.0
SET191-KR-PP-XL,2.0
SET191-KR-PP-XXL,2.0
JNE3807-KR-XXXL,2.0
SET317-KR-PP-M,2.0
JNE3811-KR-L,2.0
JNE3811-KR-XS,2.0
PJNE3568-KR-6XL,2.0
PSET264-KR-NP-4XL,2.0
JNE3796-KR-XS,2.0
SET409-KR-NP-XL,2.0
JNE3788-KR-XS,2.0
SET186-KR-DH-XS,2.0
SET187-KR-DH-S,2.0
JNE3789-KR-XXXL,2.0
SET413-KR-NP-XXL,2.0
SAR031,2.0
SET413-KR-NP-XS,2.0
SET413-KR-NP-XL,2.0
SET413-KR-NP-S,2.0
JNE3790-KR-XXL,2.0
JNE3790-KR-XXXL,2.0
SET187-KR-DH-XS,2.0
JNE3791-DR-XL,2.0
SAR027,2.0
PSET268-KR-NP-6XL,2.0
SET413-KR-NP-M,2.0
SAR038,2.0
SET413-KR-NP-L,2.0
PSET268-KR-NP-4XL,2.0
SET409-KR-NP-XS,2.0
SET253-KR-NP-XS,2.0
JNE3794-KR-L,2.0
JNE3795-KR-M,2.0
JNE3795-KR-XL,2.0
JNE3795-KR-XXXL,2.0
PSET264-KR-NP-6XL,2.0
PSET264-KR-NP-5XL,2.0
JNE3813-KR-L,2.0
SET405-KR-NP-XL,2.0
JNE3834-KR-XS,2.0
SET396-KR-PP-XL,2.0
SET260-KR-PP-L,2.0
SAR070,2.0
JNE3825-KR-L,2.0
JNE3833-KR-L,2.0
JNE3833-KR-M,2.0
SET183-KR-DH-XL,2.0
JNE3833-KR-S,2.0
PJNE3404-KR-6XL,2.0
JNE3833-KR-XL,2.0
JNE3833-KR-XS,2.0
SAR102-FREE,2.0
JNE3833-KR-XXXL,2.0
SAR103-FREE,2.0
PJNE3373-KR-4XL,2.0
SET317-KR-PP-S,2.0
SET317-KR-PP-XXXL,2.0
SET396-KR-PP-S,2.0
SET396-KR-PP-M,2.0
SET396-KR-PP-L,2.0
JNE3870-DR-XS,2.0
SET229-KR-PP-XXL,2.0
SET183-KR-DH-M,2.0
PJNE3363-KR-4XL,2.0
SET395-KR-NP-M,2.0
SET394-KR-NP-XXXL,2.0
SET394-KR-NP-XXL,2.0
SET229-KR-PP-S,2.0
SET318-KR-SHA-S,2.0
JNE3821-KR-M,2.0
JNE3821-KR-L,2.0
SET258-KR-PP-XS,2.0
PJNE3421-KR-4XL,2.0
SET405-KR-NP-S,2.0
MEN5027-KR-XXXL,2.0
SET191-KR-PP-XXXL,2.0
SET258-KR-PP-L,2.0
SET258-KR-PP-S,2.0
SET317-KR-PP-XL,2.0
SET317-KR-PP-XS,2.0
SET405-KR-NP-M,2.0
SET100-KR-PP-XL,2.0
SET405-KR-NP-L,2.0
JNE3816-KR-S,2.0
SET397-KR-NP-XS,2.0
SET230-KR-PP-L,2.0
JNE3816-KR-XS,2.0
JNE3816-KR-XXL,2.0
JNE3816-KR-XXXL,2.0
JNE3819-KR-M,2.0
SET229-KR-PP-XXXL,2.0
SET397-KR-NP-S,2.0
SET397-KR-NP-M,2.0
SET317-KR-PP-XXL,2.0
SAR049,2.0
SET396-KR-PP-XXL,2.0
JNE3820-KR-L,2.0
SAR050,2.0
SET230-KR-PP-XL,2.0
PJNE3421-KR-5XL,2.0
NW030-TP-PJ-L,2.0
JNE3880-DR-XXL,2.0
NW029-ST-SR-S,2.0
SET343-KR-NP-S,2.0
MEN5019-KR-M.,2.0
SET343-KR-NP-L,2.0
SET342-KR-NP-XXXL,2.0
SET342-KR-NP-XXL,2.0
SET342-KR-NP-XS,2.0
SET342-KR-NP-XL,2.0
SET342-KR-NP-S,2.0
SET342-KR-NP-M,2.0
SET218-KR-NP-S,2.0
SET083-KR-PP-L,2.0
SET289-KR-NP-S,2.0
SET218-KR-NP-XL,2.0
SET289-KR-NP-XS,2.0
SET218-KR-NP-XXL,2.0
SET341-KR-NP-XXL,2.0
MEN5018-KR-XXL,2.0
SET341-KR-NP-M,2.0
SET340-KR-NP-XXL,2.0
SET219-KR-PP-M,2.0
SET219-KR-PP-S,2.0
SET339-KR-NP-XXXL,2.0
SET238-KR-PP-XXL,2.0
SET339-KR-NP-XS,2.0
SET058-KR-NP-XS,2.0
SET238-KR-PP-M,2.0
SET062-KR-SP-XS,2.0
NW006-ST-SR-M,2.0
SET326-KR-PP-S,2.0
NW006-ST-SR-XL,2.0
SET337-KR-NP-XXL,2.0
NW008-ST-CP-S,2.0
SET147-KR-NP-XL,2.0
SET048-KR-NP-XXL,2.0
MEN5032-KR-L,2.0
MEN5032-KR-M,2.0
SET279-LC-XXXL,2.0
SET280-KR-PP-L,2.0
SET145-KR-NP-XXL,2.0
SET083-KR-PP-XL,2.0
SET280-KR-PP-XXL,2.0
SET145-KR-NP-M,2.0
SET302-KR-PP-XXXL,2.0
SET053-KR-NP-XXL,2.0
SET128-KR-DH-XS,2.0
SET282-KR-PP-M,2.0
SET346-KR-PP-XL,2.0
SET302-KR-PP-XXL,2.0
MEN5020-KR-M,2.0
SET218-KR-NP-L,2.0
SET218-KR-NP-M,2.0
SET242-KR-PP-XXL,2.0
SET285-KR-SHA-XS,2.0
MEN5019-KR-XXXL,2.0
MEN5032-KR-XXL,2.0
SET343-KR-NP-XXL,2.0
MEN5019-KR-XL,2.0
SET343-KR-NP-XS,2.0
SET302-KR-PP-XS,2.0
SET339-KR-NP-L,2.0
MEN5018-KR-S,2.0
NW027-TP-PJ-XXL,2.0
SET186-KR-DH-XXXL,2.0
SET223-KR-NP-M,2.0
MEN5014-KR-XXXL,2.0
SET235-KR-PP-L,2.0
NW003-TP-PJ-XXL,2.0
NW003-TP-PJ-XL,2.0
MEN5015-KR-M,2.0
NW003-TP-PJ-M,2.0
SET333-KR-DPT-L,2.0
NW003-TP-PJ-L,2.0
NW002-TP-PJ-XXL,2.0
SET073-KR-SHA-XXXL,2.0
SET302-KR-PP-M,2.0
SET331-KR-NP-XXXL,2.0
MEN5015-KR-XXXL,2.0
SET075-KR-DH-L,2.0
SET331-KR-NP-S,2.0
SET331-KR-NP-M,2.0
SET219-KR-PP-XXXL,2.0
SET329-KR-NP-XXXL,2.0
SET301-KR-PP-L,2.0
NW002-TP-PJ-XL,2.0
SET220-KR-PP-XXL,2.0
SET075-KR-DH-M,2.0
SET300-KR-NP-S,2.0
SET329-KR-NP-S,2.0
SET075-KR-DH-XS,2.0
SET075-KR-DH-S,2.0
SET297-KR-NP-XXL,2.0
SET075-KR-DH-XXL,2.0
SET219-KR-PP-XL,2.0
SET295-KR-NP-XXXL,2.0
SET337-KR-NP-XS,2.0
SET223-KR-NP-XXL,2.0
SET326-KR-PP-XXXL,2.0
SET327-KR-DPT-L,2.0
SET337-KR-NP-XL,2.0
SET223-KR-NP-XS,2.0
SET327-KR-DPT-S,2.0
SET293-KR-NP-XL,2.0
SET327-KR-DPT-XL,2.0
SET336-KR-NP-S,2.0
SET327-KR-DPT-XS,2.0
SET327-KR-DPT-XXL,2.0
SET336-KR-NP-M,2.0
SET223-KR-NP-XL,2.0
SET138-KR-PP-L,2.0
SET132-KR-NP-L,2.0
SET075-KR-DH-XXXL,2.0
SET334-KR-NP-XXXL,2.0
SET334-KR-NP-XXL,2.0
SET234-KR-PP-L,2.0
SET293-KR-NP-XS,2.0
SET334-KR-NP-XS,2.0
SET293-KR-NP-XXL,2.0
MEN5032-KR-XXXL,2.0
SET333-KR-DPT-XXL,2.0
MEN5013-KR-XXXL,2.0
NW002-TP-PJ-L,2.0
SET147-KR-NP-XXL,2.0
SET048-KR-NP-L,2.0
SET303-KR-NP-S,2.0
MEN5031-KR-M,2.0
NW020-ST-SR-M,2.0
SET374-KR-NP-XXXL,2.0
NW020-ST-SR-L,2.0
NW016-ST-SR-S,2.0
NW014-ST-SR-XXL,2.0
NW014-ST-SR-XL,2.0
SET373-KR-PP-XXXL,2.0
SET248-KR-NP-XS,2.0
SET305-KR-DPT-XXXL,2.0
SET225-KR-NP-XS,2.0
SET305-KR-DPT-XXL,2.0
NW014-ST-SR-S,2.0
SET373-KR-PP-XS,2.0
SET272-KR-PP-XXXL,2.0
SET323-KR-NP-XL,2.0
SET083-KR-PP-XXXL,2.0
MEN5003-KR-XXXL,2.0
SET323-KR-NP-XS,2.0
SET305-KR-DPT-M,2.0
SET366-KR-NP-M,2.0
SET305-KR-DPT-L,2.0
SET358-KR-NP-XXXL,2.0
NW014-ST-SR-M,2.0
SET358-KR-NP-XXL,2.0
SET358-KR-NP-XS,2.0
NW014-ST-SR-L,2.0
NW013-ST-SR-XXL,2.0
SET307-KR-DPT-XL,2.0
NW020-ST-SR-S,2.0
SET279-LC-L,2.0
SET375-KR-NP-L,2.0
NW027-TP-PJ-XL,2.0
NW027-TP-PJ-S,2.0
SET097-KR-PP-XXL,2.0
NW027-TP-PJ-M,2.0
NW027-TP-PJ-L,2.0
SET378-KR-NP-M,2.0
JNE3870-DR-XXXL,2.0
SET203-KR-DPT-XXXL,2.0
SET097-KR-PP-XL,2.0
SET378-KR-NP-L,2.0
NW002-TP-PJ-S,2.0
SET313-KR-NP-XXL,2.0
MEN5001-KR-L,2.0
SET313-KR-NP-L,2.0
MEN5001-KR-S,2.0
SET321-KR-DPT-L,2.0
MEN5001-KR-XL,2.0
MEN5001-KR-XXL,2.0
SET308-KR-PP-L,2.0
SET375-KR-NP-XS,2.0
NW020-ST-SR-XXL,2.0
NW020-ST-SR-XL,2.0
SET171-KR-NP-XXL,2.0
SET271-KR-NP-XXL,2.0
SET321-KR-DPT-XL,2.0
SET375-KR-NP-S,2.0
SET226-KR-PP-XXXL,2.0
SET323-KR-NP-XXXL,2.0
SET358-KR-NP-S,2.0
SET358-KR-NP-L,2.0
SET356-KR-NP-M,2.0
SET351-KR-NP-M,2.0
SET350-KR-NP-XXXL,2.0
SET350-KR-NP-XXL,2.0
SET154-KR-NP-S,2.0
SET350-KR-NP-XS,2.0
SET350-KR-NP-XL,2.0
SET277-KR-NP-M,2.0
SET350-KR-NP-S,2.0
SET350-KR-NP-M,2.0
SET350-KR-NP-L,2.0
SET349-KR-NP-XXXL,2.0
SET349-KR-NP-XXL,2.0
SET349-KR-NP-XS,2.0
SET349-KR-NP-XL,2.0
SET349-KR-NP-S,2.0
SET349-KR-NP-M,2.0
SET349-KR-NP-L,2.0
SET348-KR-NP-XXXL,2.0
SET277-KR-NP-XXL,2.0
SET348-KR-NP-XXL,2.0
SET278-KR-NP-XL,2.0
SET348-KR-NP-XS,2.0
SET243-KR-PP-XXXL,2.0
SET303-KR-NP-XXXL,2.0
SET278-KR-NP-XXXL,2.0
SET325-KR-NP-XXXL,2.0
SET348-KR-NP-M,2.0
SET351-KR-NP-S,2.0
SET304-KR-DPT-M,2.0
SET351-KR-NP-XL,2.0
SET245-KR-NP-XS,2.0
NW013-ST-SR-S,2.0
NW012-TP-PJ-XXL,2.0
SET156-KR-NP-XL,2.0
NW012-TP-PJ-XS,2.0
SET324-KR-NP-XXL,2.0
SET304-KR-DPT-XXXL,2.0
SET355-KR-PP-XXXL,2.0
SET325-KR-NP-M,2.0
SET355-KR-PP-XXL,2.0
SET304-KR-DPT-XXL,2.0
SET355-KR-PP-XL,2.0
SET355-KR-PP-M,2.0
SET353-KR-NP-XS,2.0
SET225-KR-NP-S,2.0
SET230-KR-PP-S,2.0
MEN5006-KR-L,2.0
MEN5006-KR-M,2.0
SET276-KR-PP-S,2.0
SET353-KR-NP-L,2.0
SET352-KR-NP-XL,2.0
SET304-KR-DPT-XS,2.0
SET154-KR-NP-XXL,2.0
SET351-KR-NP-XXXL,2.0
SET304-KR-DPT-XL,2.0
SET325-KR-NP-XXL,2.0
MEN5020-KR-XXXL,2.0
SET317-KR-PP-L,2.0
SET413-KR-NP-XXXL,2.0
JNE3788-KR-L,2.0
JNE2170-KR-436-XS,2.0
JNE2251-KR-537-XL,2.0
JNE2251-KR-537-S,2.0
JNE2205-KR-467-S,2.0
J0114-TP-XXL,2.0
J0115-TP-L,2.0
J0115-TP-XXL,2.0
JNE2199-KR-411-L,2.0
JNE2171-KR-437-XXXL,2.0
JNE2171-KR-437-XXL,2.0
JNE2171-KR-437-XS,2.0
JNE2171-KR-437-M,2.0
JNE2153-KR-278-XS,2.0
JNE2251-KR-537-XXXL,2.0
J0115-TP-XXXL,2.0
JNE2132-KR-398-XXXL,2.0
JNE2132-KR-398-XL,2.0
JNE2132-KR-398-M,2.0
JNE2132-KR-398-L,2.0
J0117-TP-XXL,2.0
JNE2113-KR-381-S,2.0
JNE2113-KR-381-M,2.0
J0121-TP-M,2.0
JNE2100-KR-144-XS,2.0
JNE2049-KR-351-XXXL,2.0
JNE2251-KR-537-XXL,2.0
JNE2265-KR-501-S,2.0
J0110-SKD-XL,2.0
J0112-TP-XL,2.0
JNE3255-KR-XXL,2.0
JNE3252-KR-XS,2.0
JNE3225-KR-XS,2.0
JNE3160-KR-XXXL,2.0
J0110-SKD-XXXL,2.0
JNE3160-KR-XXL,2.0
J0112-TP-L,2.0
JNE3068-KR-XXL,2.0
JNE3065-KR-S,2.0
J0112-TP-M,2.0
J0112-TP-S,2.0
JNE3042-KR-XS,2.0
J0113-TP-XXXL,2.0
JNE3042-KR-S,2.0
JNE3042-KR-L,2.0
JNE2307-KR-572-S,2.0
J0112-TP-XXL,2.0
JNE2307-KR-572-M,2.0
J0113-TP-L,2.0
JNE2291-KR-602-XXXL,2.0
J0113-TP-M,2.0
JNE2291-KR-602-M,2.0
J0113-TP-S,2.0
J0113-TP-XL,2.0
JNE2014-KR-178-XS,2.0
J0121-TP-S,2.0
J0122-TP-XL,2.0
J0370-SKD-S,2.0
J0374-KR-XL,2.0
J0131-KR-XL,2.0
J0373-KR-L,2.0
J0131-KR-XS,2.0
J0372-SKD-M,2.0
J0132-KR-L,2.0
J0132-KR-M,2.0
J0372-SKD-L,2.0
J0371-SKD-M,2.0
J0370-SKD-XXL,2.0
J0370-SKD-XL,2.0
J0370-SKD-M,2.0
JNE1951-KR-155-XL,2.0
J0369-SKD-S,2.0
J0369-SKD-L,2.0
J0354-KR-XXL,2.0
J0354-KR-XL,2.0
J0354-KR-S,2.0
J0354-KR-M,2.0
J0354-KR-L,2.0
J0134-SET-XXXL,2.0
J0135-SET-L,2.0
J0135-SET-M,2.0
J0135-SET-XL,2.0
J0374-KR-XXL,2.0
J0375-SKD-L,2.0
J0375-SKD-M,2.0
J0375-SKD-S,2.0
J0123-TP-XS,2.0
JNE1906-KR-031-XXXL,2.0
J0123-TP-XXL,2.0
JNE1408-GREY-KR-UDF19-XXXL,2.0
J0123-TP-XXXL,2.0
J0126-SKD-XS,2.0
J0398-DR-XXXL,2.0
J0398-DR-XL,2.0
J0398-DR-S,2.0
J0129-SET-XXXL,2.0
J0130-SET-XS,2.0
J0395-DR-M,2.0
J0382-SKD-XXL,2.0
J0382-SKD-L,2.0
J0131-KR-S,2.0
J0380-SKD-XXL,2.0
J0380-SKD-L,2.0
J0379-SKD-XXL,2.0
J0379-SKD-L,2.0
J0375-SKD-XXXL,2.0
J0375-SKD-XXL,2.0
J0375-SKD-XS,2.0
J0375-SKD-XL,2.0
JNE3255-KR-XXXL,2.0
JNE3311-KR-L,2.0
J0351-SET-XXL,2.0
JNE3420-KR-S,2.0
J0084-TP-XXL,2.0
JNE3434-KR-XS,2.0
JNE3429-KR-XXL,2.0
JNE3429-KR-M,2.0
J0085-TP-XL,2.0
J0085-TP-XXL,2.0
JNE3425-KR-XXXL,2.0
JNE3425-KR-M,2.0
JNE3423-KR-XL,2.0
JNE3423-KR-S,2.0
JNE3423-KR-M,2.0
JNE3420-KR-M,2.0
JNE3437-KR-XL,2.0
JNE3415-KR-XXXL,2.0
JNE3415-KR-XL,2.0
J0088-TP-M,2.0
J0089-TP-XL,2.0
J0090-TP-L,2.0
J0090-TP-S,2.0
J0090-TP-XXL,2.0
JNE3408-KR-L,2.0
J0183-TP-XXXL,2.0
J0091-TP-S,2.0
JNE3404-KR-XS,2.0
JNE3437-KR-S,2.0
J0084-TP-XL,2.0
JNE3311-KR-S,2.0
JNE3445-KR-S,2.0
J0042-DR-XS,2.0
J0043-SET-XL,2.0
J0048-TP-L,2.0
J0048-TP-M,2.0
J0077-SKD-M,2.0
JNE3447-KR-XXL,2.0
JNE3447-KR-XL,2.0
JNE3447-KR-S,2.0
JNE3447-KR-M,2.0
J0078-SET-L,2.0
J0078-SET-XL,2.0
J0078-SET-XXL,2.0
JNE3437-KR-XXL,2.0
J0079-SKD-L,2.0
J0079-SKD-XL,2.0
JNE3441-KR-XS,2.0
JNE3441-KR-L,2.0
JNE3439-KR-XS,2.0
JNE3438-KR-XXXL,2.0
J0081-DR-XS,2.0
J0081-DR-XXXL,2.0
JNE3438-KR-S,2.0
JNE3438-KR-M,2.0
JNE3438-KR-L,2.0
JNE3400-KR-XXXL,2.0
JNE3400-KR-S,2.0
JNE3400-KR-L,2.0
JNE3363-KR-1032-S,2.0
J0103-SKD-XXL,2.0
JNE3371-KR-M,2.0
JNE3371-KR-L,2.0
JNE3368-KR-M,2.0
JNE3365-KR-1052-XS,2.0
JNE3365-KR-1052-XL,2.0
JNE3364-KR-1051-XS,2.0
JNE3363-KR-1032-XXXL,2.0
JNE3363-KR-1032-XXL,2.0
J0105-KR-XXXL,2.0
JNE3363-KR-1032-XS,2.0
JNE3363-KR-1032-L,2.0
JNE3399-KR-XXXL,2.0
JNE3348-KR-XXXL,2.0
JNE3348-KR-XXL,2.0
J0110-SKD-L,2.0
JNE3348-KR-L,2.0
JNE3313-KR-XXXL,2.0
J0110-SKD-S,2.0
JNE3313-KR-XL,2.0
JNE3313-KR-S,2.0
JNE3313-KR-M,2.0
JNE3313-KR-L,2.0
JNE3311-KR-XS,2.0
J0103-SKD-S,2.0
J0102-XXL,2.0
JNE3373-KR-XL,2.0
J0102-XL,2.0
JNE3399-KR-XL,2.0
JNE3399-KR-S,2.0
JNE3398-KR-XL,2.0
JNE3398-KR-S,2.0
JNE3398-KR-M,2.0
JNE3398-KR-L,2.0
JNE3391-KR-XS,2.0
JNE3390-KR-XXXL,2.0
JNE3390-KR-XXL,2.0
JNE3390-KR-XL,2.0
J0095-SET-XXL,2.0
J0096-KR-S,2.0
J0096-KR-XS,2.0
J0100-DR-L,2.0
J0102-L,2.0
JNE3386-KR-S,2.0
J0102-M,2.0
J0102-S,2.0
JNE3384-KR-XS,2.0
J0102-SKD-S,2.0
JNE3376-KR-XXXL,2.0
JNE3376-KR-S,2.0
JNE3373-KR-XXXL,2.0
J0351-SET-XXXL,2.0
J0351-SET-XS,2.0
JNE3457-KR-S,2.0
J0226-SKD-XS,2.0
J0161-DR-XXL,2.0
J0164-DR-M,2.0
J0165-TP-M,2.0
J0165-TP-S,2.0
J0165-TP-XL,2.0
J0165-TP-XXL,2.0
J0166-DR-XS,2.0
J0167-KR-L,2.0
J0167-KR-M,2.0
J0232-SKD-L,2.0
J0226-SKD-XXXL,2.0
J0226-SKD-XL,2.0
J0159-DR-XXL,2.0
J0226-SKD-S,2.0
J0226-SKD-M,2.0
J0226-SKD-L,2.0
J0225-SKD-XXXL,2.0
J0225-SKD-XS,2.0
J0224-SKD-XXXL,2.0
J0224-SKD-XXL,2.0
J0224-SKD-XS,2.0
J0224-SKD-XL,2.0
J0224-SKD-S,2.0
J0224-SKD-M,2.0
J0159-DR-XXXL,2.0
J0235-SKD-L,2.0
J0248-SET-XS,2.0
J0153-DR-XXL,2.0
J0248-SET-L,2.0
J0247-SKD-XS,2.0
J0151-KR-XXXL,2.0
J0244-SKD-XXL,2.0
J0241-SKD-XXL,2.0
J0152-DR-XL,2.0
J0152-DR-XXL,2.0
J0152-DR-XXXL,2.0
J0153-DR-L,2.0
J0153-DR-S,2.0
J0240-SKD-XS,2.0
J0153-DR-XXXL,2.0
J0159-DR-M,2.0
J0157-DR-L,2.0
J0237-SKD-XS,2.0
J0236-SKD-XXL,2.0
J0236-SKD-S,2.0
J0235-SKD-XXXL,2.0
J0158-DR-XS,2.0
J0235-SKD-XXL,2.0
J0235-SKD-XL,2.0
J0235-SKD-S,2.0
J0159-DR-L,2.0
J0235-SKD-M,2.0
J0224-SKD-L,2.0
J0217-BL-XXL,2.0
J0214-TP-S,2.0
J0179-KR-XL,2.0
J0195-TP-XS,2.0
J0195-TP-S,2.0
J0195-TP-M,2.0
J0194-DR-XXXL,2.0
J0192-TP-XXL,2.0
J0192-TP-XS,2.0
J0192-TP-XL,2.0
J0190-TP-XL,2.0
J0190-TP-L,2.0
J0179-KR-M,2.0
J0179-KR-S,2.0
J0179-KR-XXL,2.0
J0213-TP-XXL,2.0
J0188-KR-XXXL,2.0
J0188-KR-XXL,2.0
J0180-DR-XXL,2.0
J0182-SET-M,2.0
J0183-TP-S,2.0
J0183-TP-XL,2.0
J0187-KR-L,2.0
J0186-SET-XXXL,2.0
J0186-SET-XS,2.0
J0185-DR-XXL,2.0
J0184-KR-XL,2.0
J0177-KR-M,2.0
J0198-TP-XS,2.0
J0176-TP-S,2.0
J0202-TP-XXXL,2.0
J0167-KR-S,2.0
J0167-KR-XL,2.0
J0167-KR-XXL,2.0
J0170-TP-M,2.0
J0171-DR-M,2.0
J0173-DR-L,2.0
J0210-DR-XXXL,2.0
J0210-DR-S,2.0
J0173-DR-XXL,2.0
J0209-DR-XL,2.0
J0209-DR-S,2.0
J0174-TP-L,2.0
J0209-DR-L,2.0
J0208-DR-XXL,2.0
J0208-DR-S,2.0
J0174-TP-XL,2.0
J0207-DR-M,2.0
J0174-TP-XXXL,2.0
J0207-DR-L,2.0
J0205-TP-XXL,2.0
J0205-TP-M,2.0
J0205-TP-L,2.0
J0203-TP-XXL,2.0
J0248-SET-XL,2.0
J0248-SET-XXL,2.0
J0351-SET-XL,2.0
J0333-DR-XL,2.0
J0339-DR-M,2.0
J0139-KR-XS,2.0
J0337-TP-XL,2.0
J0336-TP-XXXL,2.0
J0336-TP-S,2.0
J0140-SET-M,2.0
J0335-DR-XS,2.0
J0334-TP-XL,2.0
J0334-TP-M,2.0
J0334-TP-L,2.0
J0333-DR-XXL,2.0
J0333-DR-S,2.0
J0339-DR-XS,2.0
J0332-DR-XXXL,2.0
J0332-DR-XXL,2.0
J0332-DR-S,2.0
J0140-SET-XXXL,2.0
J0142-KR-M,2.0
J0329-KR-M,2.0
J0328-KR-XXXL,2.0
J0328-KR-XS,2.0
J0328-KR-XL,2.0
J0328-KR-M,2.0
J0328-KR-L,2.0
J0339-DR-XL,2.0
J0339-DR-XXXL,2.0
J0249-SKD-S,2.0
J0347-SET-XL,2.0
J0351-SET-S,2.0
J0351-SET-M,2.0
J0351-SET-L,2.0
J0350-SET-XXL,2.0
J0135-SET-XXL,2.0
J0350-SET-XL,2.0
J0350-SET-S,2.0
J0350-SET-M,2.0
J0348-SET-S,2.0
J0136-KR-XS,2.0
J0347-SET-XXL,2.0
J0347-SET-M,2.0
J0341-DR-XXL,2.0
J0347-SET-L,2.0
J0136-KR-XXL,2.0
J0345-SET-XXL,2.0
J0345-SET-XL,2.0
J0345-SET-M,2.0
J0345-SET-L,2.0
J0344-TP-XXL,2.0
J0137-SET-L,2.0
J0344-TP-XL,2.0
JNE3787-KR-XXL,2.0
J0342-TP-L,2.0
J0142-KR-S,2.0
J0142-KR-XL,2.0
J0307-TP-XL,2.0
J0280-SKD-XXXL,2.0
J0294-TP-M,2.0
J0293-DR-M,2.0
J0292-TP-S,2.0
J0292-TP-M,2.0
J0285-SKD-XXXL,2.0
J0282-SET-XXXL,2.0
J0282-SET-XXL,2.0
J0145-SET-L,2.0
J0145-SET-S,2.0
J0145-SET-XL,2.0
J0145-SET-XXL,2.0
J0280-SKD-XXL,2.0
J0142-KR-XXL,2.0
J0147-SET-XS,2.0
J0148-SET-S,2.0
J0277-SKD-XXXL,2.0
J0252-SKD-M,2.0
J0250-SKD-XL,2.0
J0250-SKD-M,2.0
J0249-SKD-XL,2.0
J0148-SET-XXL,2.0
J0151-KR-M,2.0
J0151-KR-XL,2.0
J0151-KR-XXL,2.0
J0294-TP-XL,2.0
J0294-TP-XXXL,2.0
J0295-DR-XXXL,2.0
J0296-DR-M,2.0
J0307-TP-L,2.0
J0305-DR-S,2.0
J0143-SET-L,2.0
J0305-DR-L,2.0
J0143-SET-S,2.0
J0304-TP-XXL,2.0
J0304-TP-XL,2.0
J0304-TP-M,2.0
J0304-TP-L,2.0
J0303-KR-M,2.0
J0303-KR-L,2.0
J0302-DR-XL,2.0
J0302-DR-S,2.0
J0143-SET-XXL,2.0
J0301-TP-XXL,2.0
J0301-TP-L,2.0
J0300-TP-XXL,2.0
J0298-DR-L,2.0
J0297-TP-XL,2.0
J0297-TP-S,2.0
J0297-TP-M,2.0
J0296-DR-XXL,2.0
J0296-DR-XL,2.0
JNE3457-KR-L,2.0
J0184-KR-L,2.0
JNE3666-TP-XXL,2.0
JNE3644-TP-M,2.0
JNE3652-TP-XXXL,2.0
JNE3652-TP-XXL,2.0
JNE3652-TP-S,2.0
JNE3652-TP-L,2.0
JNE3649-TP-XS,2.0
JNE3752-KR-M,2.0
JNE3645-TP-XL,2.0
JNE3644-TP-XL,2.0
JNE3644-TP-L,2.0
JNE3638-KR-XS,2.0
JNE3753-KR-XXL,2.0
JNE3756-KR-L,2.0
BTM043-PP-L,2.0
BTM043-PP-M,2.0
BTM043-PP-XL,2.0
JNE3641-TP-XS,2.0
JNE3641-TP-S,2.0
JNE3639-TP-XS,2.0
JNE3654-TP-L,2.0
JNE3654-TP-M,2.0
JNE3751-KR-XS,2.0
JNE3749-KR-XXL,2.0
JNE3743-TU-XL,2.0
JNE3662-TP-XXL,2.0
JNE3662-TP-XL,2.0
JNE3662-TP-S,2.0
JNE3661-TP-XXL,2.0
JNE3743-TU-XXL,2.0
JNE3661-TP-S,2.0
JNE3744-TU-XS,2.0
BL100-M,2.0
JNE3659-TP-XS,2.0
JNE3659-TP-S,2.0
JNE3749-KR-M,2.0
JNE3749-KR-S,2.0
JNE3749-KR-XL,2.0
JNE3657-TP-S,2.0
JNE3657-TP-M,2.0
JNE3657-TP-L,2.0
JNE3639-TP-M,2.0
BL097-XL,2.0
JNE3615-KR-XL,2.0
JNE3762-KR-XXL,2.0
BL086-S,2.0
JNE3760-KR-XL,2.0
JNE3621-KR-XXL,2.0
JNE3760-KR-XXL,2.0
JNE3621-KR-M,2.0
JNE3760-KR-XXXL,2.0
JNE3761-KR-XXL,2.0
JNE3762-KR-S,2.0
JNE3763-KR-XS,2.0
BL097-M,2.0
BL086-L,2.0
CH209-BIEGE-XXL,2.0
JNE3618-KR-L,2.0
JNE3763-KR-XXXL,2.0
JNE3617-KR-XXL,2.0
JNE3617-KR-S,2.0
JNE3617-KR-L,2.0
BL085-XXL,2.0
BL086-XL,2.0
JNE3624-KR-M,2.0
BL086-XS,2.0
BL087-XL,2.0
BL093-XS,2.0
BL093-XL,2.0
JNE3638-KR-L,2.0
BL093-S,2.0
JNE3631-DR-L,2.0
BTM046-PP-M,2.0
BL092-XXL,2.0
BL092-XL,2.0
BL092-M,2.0
BL092-L,2.0
JNE3760-KR-L,2.0
JNE3625-DR-XL,2.0
JNE3760-KR-M,2.0
JNE3760-KR-S,2.0
BL087-XXL,2.0
JNE3625-DR-L,2.0
JNE3624-KR-S,2.0
JNE3663-TP-XS,2.0
JNE3666-TP-L,2.0
JNE3666-TP-XL,2.0
BL107-XXL,2.0
JNE3712-TP-XL,2.0
JNE3709-DR-XXL,2.0
JNE3709-DR-XS,2.0
JNE3708-TU-XS,2.0
JNE3707-DR-XXL,2.0
JNE3707-DR-S,2.0
JNE3707-DR-M,2.0
JNE3707-DR-L,2.0
BTM008-L,2.0
JNE3743-TU-M,2.0
BL107-XL,2.0
BTM008-S,2.0
BTM008-XL,2.0
JNE3704-KR-S,2.0
BTM008-XS,2.0
JNE3724-KR-XXL,2.0
BL107-M,2.0
JNE3726-KR-XXXL,2.0
BL113-XS,2.0
BL113-XL,2.0
BL113-S,2.0
BL113-M,2.0
BL110-S,2.0
JNE3718-KR-S,2.0
BL110-M,2.0
JNE3716-KR-XS,2.0
BL110-XL,2.0
BL110-XS,2.0
BL111-L,2.0
BL111-M,2.0
BL111-S,2.0
JNE3721-KR-L,2.0
BL111-XL,2.0
BL111-XS,2.0
BL110-L,2.0
BL113-L,2.0
JNE3714-KR-XS,2.0
JNE3714-KR-XL,2.0
JNE3714-KR-S,2.0
JNE3729-KR-XS,2.0
JNE3695-KR-M,2.0
JNE3730-KR-S,2.0
JNE3671-TU-XXXL,2.0
JNE3668-TP-XS,2.0
JNE3738-KR-S,2.0
JNE3667-TP-XS,2.0
BL103-XXL,2.0
BL103-M,2.0
BTM035-NP-XXL,2.0
BTM036-PP-L,2.0
BL100-XS,2.0
BTM036-PP-XL,2.0
BTM036-PP-XXL,2.0
BTM036-PP-XXXL,2.0
JNE3457-KR-XXXL,2.0
BL100-XL,2.0
JNE3740-KR-XXXL,2.0
BL100-S,2.0
JNE3743-TP-S,2.0
JNE3743-TU-L,2.0
JNE3734-KR-XXL,2.0
JNE3673-TU-S,2.0
JNE3732-KR-XL,2.0
JNE3673-TU-XS,2.0
JNE3732-KR-XXL,2.0
JNE3690-TU-XS,2.0
BTM031-NP-M,2.0
JNE3688-TU-XS,2.0
BL107-L,2.0
JNE3687-TU-XS,2.0
JNE3686-TU-XS,2.0
BL104-XXL,2.0
JNE3680-TU-S,2.0
BTM031-NP-XL.,2.0
BTM032-NP-XL,2.0
JNE3734-KR-XL,2.0
JNE3676-TU-XS,2.0
JNE3675-TU-XXXL,2.0
JNE3675-TU-XL,2.0
JNE3675-TU-M,2.0
JNE3675-TU-L,2.0
JNE3764-KR-XXXL,2.0
BL086-M,2.0
J0001-DR-XS,2.0
J0013-SKD-S,2.0
JNE3771-KR-M,2.0
JNE3771-KR-XL,2.0
JNE3771-KR-XS,2.0
JNE3771-KR-XXL,2.0
JNE3510-KR-XL,2.0
J0013-SKD-XXL,2.0
JNE3510-KR-L,2.0
JNE3771-KR-XXXL,2.0
JNE3773-KR-XXL,2.0
J0014-LCD-XS,2.0
JNE3774-KR-L,2.0
JNE3774-KR-M,2.0
JNE3507-KR-XL,2.0
JNE3507-KR-M,2.0
JNE3507-KR-L,2.0
JNE3774-KR-XXXL,2.0
JNE3506-KR-XXL,2.0
JNE3516-KR-S,2.0
JNE3516-KR-XXXL,2.0
JNE3558-KR-M,2.0
J0013-SKD-M,2.0
JNE3553-KR-XS,2.0
JNE3550-KR-XL,2.0
JNE3549-KR-XXXL,2.0
JNE3541-KR-S,2.0
JNE3541-KR-L,2.0
J0009-SKD-XL,2.0
JNE3539-KR-XS,2.0
J0011-LCD-L,2.0
J0011-LCD-M,2.0
JNE3534-KR-XS,2.0
JNE3528-KR-S,2.0
JNE3769-KR-XXXL,2.0
JNE3771-KR-L,2.0
JNE3524-KR-XXL,2.0
J0011-LCD-XL,2.0
J0011-LCD-XXL,2.0
J0001-DR-XXL,2.0
JNE3776-KR-XL,2.0
JNE3506-KR-XL,2.0
JNE3506-KR-S,2.0
JNE3504-KR-XL,2.0
JNE3784-KR-L,2.0
JNE3784-KR-M,2.0
JNE3464-KR-XXL,2.0
JNE3784-KR-S,2.0
J0033-KR-XXL,2.0
JNE3784-KR-XL,2.0
J0034-SET-L,2.0
J0034-SET-XL,2.0
JNE3784-KR-XS,2.0
J0034-SET-XS,2.0
JNE3784-KR-XXL,2.0
JNE3785-KR-M,2.0
JNE3785-KR-S,2.0
JNE3785-KR-XL,2.0
J0037-KR-M,2.0
JNE3459-KR-XXXL,2.0
J0041-SET-XS,2.0
JNE3469-KR-L,2.0
JNE3469-KR-M,2.0
JNE3783-KR-XXL,2.0
JNE3497-KR-L,2.0
JNE3777-KR-S,2.0
JNE3501-KR-XS,2.0
JNE3777-KR-XL,2.0
JNE3777-KR-XXL,2.0
JNE3778-KR-XL,2.0
JNE3779-KR-XL,2.0
JNE3779-KR-XXL,2.0
JNE3781-KR-XL,2.0
JNE3469-KR-XXXL,2.0
JNE3488-KR-XXL,2.0
JNE3488-KR-XL,2.0
JNE3488-KR-L,2.0
JNE3474-KR-L.,2.0
JNE3472-KR-XXXL,2.0
JNE3783-KR-L,2.0
JNE3783-KR-XS,2.0
J0008-SKD-XL,2.0
JNE3522-KR-XXXL,2.0
JNE3609-KR-XXXL,2.0
JNE3610-KR-XXXL,2.0
JNE3610-KR-XL,2.0
BL085-XL,2.0
JNE3570-KR-XXXL,2.0
JNE3609-KR-XXL,2.0
JNE3571-KR-XS,2.0
JNE3769-KR-M,2.0
JNE3769-KR-L,2.0
JNE3768-KR-XXL,2.0
JNE3573-KR-XS,2.0
JNE3765-KR-XXL,2.0
JNE3575-KR-M,2.0
J0007-SKD-M,2.0
JNE3766-KR-M,2.0
J0006-SET-S,2.0
JNE3577-KR-XXL,2.0
JNE3767-KR-L,2.0
BL085-M,2.0
J0005-DR-XL,2.0
J0005-DR-S,2.0
JNE3558-KR-S,2.0
BL055-164GOLD,2.0
J0005-DR-L,2.0
JNE3602-KR-L,2.0
JNE3609-KR-S,2.0
JNE3767-KR-M,2.0
JNE3610-KR-XXL,2.0
J0004-SKD-XS,2.0
JNE3570-KR-XS,2.0
JNE3614-KR-XXL,2.0
J0003-SET-S,2.0
JNE3613-KR-L,2.0
J0003-SET-M,2.0
JNE3570-KR-XL,2.0
JNE3769-KR-S,2.0
JNE3565-KR-XS,2.0
J0008-SKD-L,2.0
J0003-SET-XL,2.0
JNE3769-KR-XL,2.0
JNE3562-KR-XXL,2.0
J0002-SKD-XXXL,2.0
J0002-SKD-XS,2.0
JNE3558-KR-XXL,2.0
J0002-SKD-XL,2.0
J0007-SKD-XXL,2.0
J0003-SET-L,2.0
JNE3570-KR-S,2.0
JNE3611-KR-XXXL,2.0
J0144-SET-M,1.0
AN202-ORANGE-S,1.0
AN205-YELLOW-M,1.0
J0182-SET-L,1.0
BL109-M,1.0
J0177-KR-XXL,1.0
SET271-KR-NP-L,1.0
J0144-SET-S,1.0
AN205-YELLOW-L,1.0
AN204-PURPLE-M,1.0
AN202-ORANGE-XXL,1.0
J0180-DR-XL,1.0
J0180-DR-S,1.0
BL109-L,1.0
BL109-XL,1.0
J0144-SET-XL,1.0
J0166-DR-XXL,1.0
J0182-SET-XXL,1.0
J0183-TP-XS,1.0
AN202-ORANGE-XL,1.0
SET383-KR-NP-XXL,1.0
J0179-KR-XXXL,1.0
J0180-DR-L,1.0
J0144-SET-L,1.0
J0180-DR-M,1.0
SET264-KR-NP-XS,1.0
SET265-KR-NP-XXXL,1.0
SET271-KR-NP-XL,1.0
J0173-DR-M,1.0
SET388-KR-NP-XXXL,1.0
J0144-SET-XS,1.0
J0154-DR-XXXL,1.0
BL099-L,1.0
BL013-62BLACK,1.0
BL014,1.0
BL025-74BLACK,1.0
J0158-DR-S,1.0
J0158-DR-M,1.0
J0171-DR-S,1.0
J0158-DR-L,1.0
SET276-KR-PP-M,1.0
BL099-M,1.0
J0173-DR-XXXL,1.0
J0158-DR-XL,1.0
BL023-74PINK,1.0
J0171-DR-XS,1.0
J0173-DR-XL,1.0
J0172-TP-XS,1.0
J0154-DR-XXL,1.0
J0173-DR-S,1.0
J0153-DR-XS,1.0
BL024-74RED,1.0
SET277-KR-NP-XXXL,1.0
SET392-KR-NP-XL,1.0
BL098-M,1.0
BL097-XXL,1.0
BL050-83RED,1.0
SET280-KR-PP-XL,1.0
J0144-SET-XXL,1.0
BL026-74BEIGE,1.0
BL091-XL,1.0
SET388-KR-NP-S,1.0
J0161-DR-XS.,1.0
SET388-KR-NP-XS,1.0
BL104-S,1.0
BL104-L,1.0
AN205-YELLOW-S,1.0
J0148-SET-M,1.0
J0176-TP-XS,1.0
J0170-TP-XL,1.0
AN209-BIEGE-XXL,1.0
SET274-KR-PP-M,1.0
J0175-KR-M,1.0
SET274-KR-PP-XL,1.0
J0148-SET-XS,1.0
BL011-62PINK,1.0
BL103-S,1.0
J0158-DR-XXXL,1.0
BL102-M,1.0
BL097-L,1.0
SET383-KR-NP-XXXL,1.0
J0042-DR-L,1.0
SET383-KR-NP-XL,1.0
SET383-KR-NP-S,1.0
J0109-SKD-S,1.0
J0007-SKD-S,1.0
J0108-SKD-XXL,1.0
J0007-SKD-XL,1.0
J0104-KR-XXXL,1.0
J0007-SKD-XXXL,1.0
J0104-KR-XXL,1.0
J0104-KR-XL,1.0
J0104-KR-L,1.0
J0008-SKD-XS,1.0
J0010-LCD-L,1.0
J0098-TP-XXXL,1.0
J0098-TP-XS,1.0
J0098-TP-S,1.0
SET340-KR-NP-XL,1.0
J0011-LCD-S,1.0
J0093-DR-XS,1.0
J0013-SKD-XL,1.0
J0093-DR-S,1.0
J0092-SET-XXXL,1.0
J0092-SET-XXL,1.0
J0109-SKD-XXL,1.0
J0109-SKD-XXXL,1.0
J0004-SKD-XXL,1.0
CH209-BIEGE-S,1.0
CH202-ORANGE-XL,1.0
CH202-ORANGE-XXL,1.0
CH205-YELLOW-XXL,1.0
J0114-TP-XS,1.0
J0114-TP-S,1.0
J0114-TP-M,1.0
CH207-PINK-XXL,1.0
CH208-MUSTARD-M,1.0
CH208-MUSTARD-XXL,1.0
CH213-BROWN-M,1.0
SET307-KR-DPT-XXXL,1.0
CH213-BROWN-S,1.0
CH213-BROWN-XXL,1.0
J0004-SKD-S,1.0
J0004-SKD-XL,1.0
SET307-KR-DPT-L,1.0
SET307-KR-DPT-M,1.0
SET307-KR-DPT-S,1.0
J0110-SKD-XS,1.0
SET307-KR-DPT-XS,1.0
J0092-SET-XL,1.0
SET338-KR-NP-M,1.0
J0013-SKD-XXXL,1.0
J0033-KR-XXXL,1.0
J0022-KR-XXXL,1.0
J0025-DR-L,1.0
J0025-DR-XL,1.0
J0080-TP-L,1.0
J0025-DR-XXL,1.0
J0033-KR-M,1.0
J0079-SKD-S.,1.0
J0033-KR-S,1.0
J0078-SET-XXXL,1.0
J0078-SET-S,1.0
J0022-KR-XXL,1.0
J0078-SET-M,1.0
J0077-SKD-XXXL,1.0
SET330-KR-PP-XXL,1.0
SET330-KR-PP-XL,1.0
J0034-SET-XXL,1.0
J0077-SKD-XXL,1.0
J0036-TP-XL,1.0
J0048-TP-XL,1.0
J0042-DR-XXXL,1.0
J0083-KR-XS,1.0
J0022-KR-XS,1.0
J0092-SET-S,1.0
J0016-DR-XXXL,1.0
J0092-SET-M,1.0
J0091-TP-XXXL,1.0
J0016-DR-L,1.0
J0016-DR-M,1.0
J0016-DR-S,1.0
J0016-DR-XL,1.0
J0087-TP-XXXL,1.0
J0016-DR-XS,1.0
J0016-DR-XXL,1.0
J0021-TP-M,1.0
J0022-KR-XL,1.0
J0021-TP-S,1.0
J0087-TP-XXL,1.0
J0087-TP-S,1.0
J0087-TP-L,1.0
J0022-KR-L,1.0
J0022-KR-M,1.0
J0084-TP-XXXL,1.0
J0022-KR-S,1.0
J0084-TP-XS,1.0
CH202-ORANGE-S,1.0
CH202-ORANGE-M,1.0
CH202-ORANGE-L,1.0
BTM035-NP-M,1.0
BTM031-NP-XL,1.0
J0137-SET-S,1.0
J0137-SET-M,1.0
BTM031-NP-XS,1.0
BTM033-NP-L,1.0
BTM033-NP-XL,1.0
SET290-KR-DPT-S,1.0
BTM035-NP-L,1.0
SET372-KR-PP-XL,1.0
BTM035-NP-S,1.0
J0137-SET-XL,1.0
BTM035-NP-XL,1.0
BTM035-NP-XS,1.0
BTM035-NP-XXXL,1.0
SET290-KR-DPT-XXXL,1.0
J0134-SET-XXL,1.0
J0134-SET-XS,1.0
J0134-SET-XL,1.0
J0134-SET-S,1.0
J0134-SET-M,1.0
BTM031-NP-S,1.0
J0137-SET-XS,1.0
BTM038-PP-XS,1.0
SET376-KR-NP-XXXL,1.0
SET383-KR-NP-M,1.0
J0143-SET-XL,1.0
J0143-SET-M,1.0
J0142-KR-XXXL,1.0
J0142-KR-XS,1.0
BTM003-M,1.0
BTM003-S,1.0
J0142-KR-L,1.0
J0140-SET-XS,1.0
BTM026-NP-M,1.0
BTM030-NP-XS,1.0
BTM026-NP-S,1.0
SET287-KR-NP-XS,1.0
BTM026-NP-XXL,1.0
BTM029-NP-M,1.0
BTM030-NP-M,1.0
BTM030-NP-S,1.0
J0138-KR-XS,1.0
J0137-SET-XXXL,1.0
J0137-SET-XXL,1.0
J0134-SET-L,1.0
BTM039-PP-XS,1.0
BTM047-PP-XS,1.0
BTM046-PP-S,1.0
J0121-TP-XS,1.0
SET301-KR-PP-XL,1.0
J0121-TP-XL,1.0
BTM045-PP-XL,1.0
BTM045-PP-XS,1.0
BTM045-PP-XXL,1.0
BTM045-PP-XXXL,1.0
J0121-TP-L,1.0
J0117-TP-XXXL,1.0
J0117-TP-XS,1.0
J0121-TP-XXXL,1.0
J0117-TP-XL,1.0
J0117-TP-S,1.0
J0117-TP-M,1.0
BTM047-PP-M,1.0
SET303-KR-NP-XL,1.0
J0117-TP-L,1.0
J0116-TP-XL,1.0
J0116-TP-M,1.0
BTM047-PP-S,1.0
J0121-TP-XXL,1.0
J0122-TP-L,1.0
BTM040-PP-M,1.0
BTM042-PP-S,1.0
BTM040-PP-S,1.0
BTM040-PP-XS,1.0
BTM041-PP-L,1.0
BTM041-PP-M,1.0
BTM041-PP-S,1.0
BTM041-PP-XL,1.0
BTM041-PP-XS,1.0
BTM041-PP-XXL,1.0
BTM041-PP-XXXL,1.0
BTM042-PP-XS,1.0
BTM045-PP-S,1.0
J0127-SKD-XXXL,1.0
J0127-SKD-XS,1.0
J0127-SKD-S,1.0
J0127-SKD-M,1.0
J0126-SKD-XXXL,1.0
J0126-SKD-XXL,1.0
BTM045-PP-L,1.0
BTM045-PP-M,1.0
J0122-TP-XXL,1.0
J0091-TP-M,1.0
J0343-DR-M,1.0
J0186-SET-S,1.0
JNE3580-DR-M,1.0
JNE3615-KR-XS,1.0
JNE3615-KR-S,1.0
MEN5028-KR-XL,1.0
MEN5028-KR-XXL,1.0
MEN5028-KR-XXXL,1.0
JNE3615-KR-M,1.0
JNE3613-KR-XS,1.0
JNE3613-KR-M,1.0
MEN5029-KR-XXXL,1.0
JNE3612-KR-XS,1.0
MEN5030-KR-XXXL,1.0
MEN5031-KR-S,1.0
JNE3609-KR-XS,1.0
JNE3579-KR-M,1.0
MEN5026-KR-XXXL,1.0
JNE3579-KR-L,1.0
AN202-ORANGE-M,1.0
JNE3575-KR-XS,1.0
JNE3575-KR-S,1.0
JNE3570-KR-XXL,1.0
JNE3570-KR-M,1.0
NW005-ST-PJ-L,1.0
NW005-ST-PJ-XL,1.0
JNE3563-KR-S,1.0
NW009-ST-CP-M,1.0
JNE3547-KR-XS,1.0
NW013-ST-SR-L,1.0
JNE3537-KR-XXL,1.0
JNE3616-KR-XS,1.0
MEN5026-KR-XL,1.0
JNE3537-KR-M,1.0
JNE3629-KR-S,1.0
JNE3647-TP-XL,1.0
JNE3645-TP-XS,1.0
JNE3645-TP-M,1.0
JNE3643-TP-XL,1.0
JNE3643-TP-S,1.0
JNE3643-TP-L,1.0
MEN5020-KR-S,1.0
JNE3638-KR-XXXL,1.0
JNE3638-KR-XXL,1.0
JNE3638-KR-XL,1.0
JNE3638-KR-S,1.0
JNE3638-KR-M,1.0
JNE3637-KR-XXXL,1.0
JNE3629-KR-M,1.0
JNE3619-KR-L,1.0
JNE3629-KR-L,1.0
JNE3625-DR-XXL,1.0
MEN5024-KR-L,1.0
MEN5024-KR-S,1.0
MEN5024-KR-XL,1.0
JNE3624-KR-L,1.0
MEN5024-KR-XXXL,1.0
JNE3623-KR-XXXL,1.0
MEN5025-KR-M,1.0
JNE3621-KR-S,1.0
JNE3619-KR-XXL,1.0
JNE3619-KR-XS,1.0
JNE3619-KR-S,1.0
JNE3537-KR-XL,1.0
JNE3526-KR-XL,1.0
MEN5016-KR-XXXL,1.0
JNE3454-KR-XS,1.0
JNE3463-KR-M,1.0
JNE3461-KR-XXXL,1.0
JNE3461-KR-XXL,1.0
JNE3461-KR-XL,1.0
JNE3461-KR-S,1.0
PJNE3404-KR-4XL,1.0
JNE3461-KR-M,1.0
JNE3461-KR-L,1.0
JNE3459-KR-L,1.0
JNE3457-KR-XXL,1.0
JNE3455-KR-XS,1.0
JNE3454-KR-XXXL,1.0
JNE3454-KR-XXL,1.0
JNE3454-KR-XL,1.0
JNE3463-KR-XS,1.0
JNE3454-KR-S,1.0
JNE3454-KR-M,1.0
JNE3454-KR-L,1.0
JNE3446-KR-XXL,1.0
JNE3446-KR-XL,1.0
JNE3446-KR-S,1.0
JNE3446-KR-M,1.0
JNE3446-KR-L,1.0
JNE3443-KR-XXL,1.0
JNE3443-KR-XL,1.0
JNE3443-KR-S,1.0
SAR029,1.0
JNE3443-KR-M,1.0
JNE3463-KR-S,1.0
JNE3464-KR-L,1.0
JNE3526-KR-M,1.0
JNE3504-KR-M,1.0
JNE3524-KR-XS,1.0
JNE3523-KR-XXXL,1.0
JNE3522-KR-XXL,1.0
JNE3516-KR-XXL,1.0
JNE3515-KR-M,1.0
NW029-ST-SR-L,1.0
JNE3507-KR-XXXL,1.0
JNE3507-KR-XXL,1.0
JNE3507-KR-XS,1.0
NW031-TP-PJ-XL,1.0
NW032-ST-CP-L,1.0
JNE3506-KR-XS,1.0
JNE3504-KR-XXL,1.0
JNE3504-KR-L,1.0
JNE3464-KR-XL,1.0
JNE3500-KR-XXXL,1.0
JNE3497-KR-XXXL,1.0
JNE3497-KR-XL,1.0
JNE3480-KR-XXXL,1.0
JNE3479-KR-XXXL,1.0
JNE3479-KR-XXL,1.0
JNE3471-KR-S,1.0
JNE3471-KR-L,1.0
JNE3469-KR-XXL,1.0
JNE3469-KR-XL,1.0
JNE3469-KR-S,1.0
JNE3467-KR-XL,1.0
JNE3465-KR-L,1.0
JNE3653-TP-L,1.0
JNE3655-TP-S,1.0
J0187-KR-M,1.0
JNE3740-KR-XXL,1.0
JNE3757-KR-XXXL,1.0
JNE3757-KR-XXL,1.0
JNE3757-KR-XL,1.0
JNE3822-KR-XL,1.0
JNE3757-KR-S,1.0
JNE3757-KR-M,1.0
JNE3757-KR-L,1.0
JNE3756-KR-XXXL,1.0
JNE3756-KR-XL,1.0
JNE3756-KR-M,1.0
JNE3753-KR-L,1.0
JNE3745-KR-M,1.0
JNE3742-KR-XL,1.0
JNE3740-KR-XL,1.0
JNE3819-KR-XXXL,1.0
JNE3740-KR-S,1.0
JNE3740-KR-M,1.0
JNE3740-KR-L,1.0
JNE3739-KR-XS,1.0
JNE3733-KR-XXXL,1.0
JNE3733-KR-XXL,1.0
JNE3733-KR-XL,1.0
JNE3733-KR-S,1.0
JNE3733-KR-M,1.0
JNE3733-KR-L,1.0
JNE3860-DR-L,1.0
JNE3724-KR-XXXL,1.0
JNE3724-KR-XL,1.0
JNE3758-KR-XXXL,1.0
JNE3819-KR-XXL,1.0
JNE3724-KR-M,1.0
JNE3807-KR-S,1.0
JNE3786-KR-XXXL,1.0
JNE3789-KR-L,1.0
JNE3792-KR-S,1.0
JNE3792-KR-XL,1.0
JNE3792-KR-XXL,1.0
JNE3792-KR-XXXL,1.0
JNE3795-KR-S,1.0
JNE3795-KR-XS,1.0
JNE3797-KR-M,1.0
JNE3800-KR-XL,1.0
JNE3800-KR-XXXL,1.0
JNE3770-KR-XXXL,1.0
JNE3806-KR-L,1.0
JNE3768-KR-S,1.0
JNE3819-KR-XS,1.0
JNE3767-KR-XL,1.0
JNE3811-KR-S,1.0
JNE3811-KR-XL,1.0
JNE3813-KR-S,1.0
JNE3813-KR-XS,1.0
JNE3813-KR-XXXL,1.0
JNE3817-KR-L,1.0
JNE3817-KR-M,1.0
JNE3817-KR-S,1.0
JNE3817-KR-XL,1.0
JNE3817-KR-XXL,1.0
JNE3817-KR-XXXL,1.0
JNE3819-KR-S,1.0
JNE3724-KR-S,1.0
JNE3724-KR-L,1.0
JNE3658-TP-L,1.0
MEN5011-KR-XL,1.0
JNE3693-KR-M,1.0
JNE3689-TU-XS,1.0
MEN5006-KR-XXXL,1.0
JNE3684-TU-XS,1.0
JNE3684-TU-S,1.0
MEN5008-KR-L,1.0
MEN5008-KR-M,1.0
MEN5008-KR-XL,1.0
MEN5008-KR-XXXL,1.0
JNE3679-TU-XS,1.0
JNE3671-TU-XS,1.0
JNE3671-TU-XL,1.0
MEN5011-KR-L,1.0
MEN5011-KR-XXXL,1.0
JNE3703-KR-M,1.0
MEN5012-KR-L,1.0
MEN5012-KR-M,1.0
MEN5012-KR-S,1.0
MEN5012-KR-XL,1.0
MEN5012-KR-XXL,1.0
MEN5012-KR-XXXL,1.0
MEN5013-KR-L,1.0
JNE3663-TP-XL,1.0
JNE3661-TP-XL,1.0
JNE3661-TP-M,1.0
JNE3660-TP-L,1.0
JNE3658-TP-XL,1.0
JNE3658-TP-S,1.0
JNE3693-KR-S,1.0
JNE3703-KR-XS,1.0
JNE3721-KR-XXL,1.0
JNE3880-DR-SC,1.0
JNE3721-KR-S,1.0
JNE3719-KR-XXXL,1.0
JNE3719-KR-XXL,1.0
JNE3719-KR-XL,1.0
JNE3719-KR-S,1.0
JNE3719-KR-M,1.0
JNE3719-KR-L,1.0
JNE3717-KR-S,1.0
JNE3878-KR-S,1.0
JNE3879-DR-L,1.0
JNE3879-DR-M,1.0
JNE3879-DR-XL,1.0
JNE3879-DR-XXL,1.0
JNE3714-KR-XXXL,1.0
JNE3703-KR-XXL,1.0
JNE3714-KR-XXL,1.0
JNE3714-KR-L,1.0
JNE3713-TP-XXL,1.0
JNE3713-TP-XS,1.0
JNE3712-TP-XS,1.0
JNE3710-DR-XS,1.0
JNE3708-TU-M,1.0
JNE3706-DR-M,1.0
JNE3704-KR-XXXL,1.0
JNE3704-KR-XXL,1.0
JNE3704-KR-XL,1.0
JNE3704-KR-M,1.0
JNE3704-KR-L,1.0
JNE3440-KR-XS,1.0
JNE3438-KR-XXL,1.0
JNE3438-KR-XL,1.0
SET231-KR-PP-XXL,1.0
J0281-SKD-XS,1.0
J0281-SKD-XL,1.0
J0281-SKD-S,1.0
J0281-SKD-L,1.0
SET228-KR-PP-XXXL,1.0
J0279-SET-XXXL,1.0
SET229-KR-PP-XL,1.0
J0279-SET-XXL,1.0
J0278-SET-XXXL,1.0
J0278-SET-XXL,1.0
SET231-KR-PP-M,1.0
SET231-KR-PP-S,1.0
SET231-KR-PP-XL,1.0
J0246-SKD-XS,1.0
J0281-SKD-XXXL,1.0
J0241-SKD-XS,1.0
J0240-SKD-XXXL,1.0
SET234-KR-PP-M,1.0
J0240-SKD-XXL,1.0
SET234-KR-PP-XL,1.0
SET234-KR-PP-XXL,1.0
SET235-KR-PP-M,1.0
SET235-KR-PP-S,1.0
SET235-KR-PP-XL,1.0
SET235-KR-PP-XXL,1.0
J0240-SKD-XL,1.0
J0240-SKD-S,1.0
J0240-SKD-M,1.0
J0281-SKD-XXL,1.0
J0291-JS-L,1.0
J0239-SKD-XS,1.0
SET210-KR-PP-XXXL,1.0
J0346-SET-XL,1.0
J0346-SET-L,1.0
SET200-KR-NP-XXXL,1.0
SET201-KR-NP-L,1.0
SET201-KR-NP-XXXL,1.0
J0343-DR-L,1.0
J0341-DR-S,1.0
J0338-DR-XXL,1.0
J0338-DR-XL,1.0
J0338-DR-S,1.0
J0338-DR-M,1.0
SET206-KR-PP-L,1.0
J0335-DR-XXXL,1.0
J0329-KR-XL,1.0
J0295-DR-XL,1.0
J0329-KR-S,1.0
SET217-KR-PP-XS,1.0
J0310-TP-XXL,1.0
SET219-KR-PP-L,1.0
J0308-DR-M,1.0
J0307-TP-S,1.0
SET220-KR-PP-L,1.0
SET220-KR-PP-M,1.0
SET220-KR-PP-XL,1.0
SET220-KR-PP-XS,1.0
SET220-KR-PP-XXXL,1.0
J0302-DR-L,1.0
J0295-DR-XXL,1.0
J0240-SKD-L,1.0
J0238-LCD-M,1.0
SAR054,1.0
J0189-TP-XXL,1.0
J0209-DR-XXL,1.0
SET248-KR-NP-XXXL,1.0
J0209-DR-XS,1.0
SET249-KR-NP-S,1.0
J0209-DR-M,1.0
SET250-KR-SHA-XS,1.0
SET250-KR-SHA-XXXL,1.0
J0199-SET-XS,1.0
J0199-SET-S,1.0
J0199-SET-M,1.0
J0196-TP-XXXL,1.0
J0190-TP-XXXL,1.0
J0189-TP-XXXL,1.0
J0189-TP-XS,1.0
J0211-DR-XS,1.0
J0189-TP-XL,1.0
SET254-KR-NP-XXXL,1.0
J0189-TP-S,1.0
J0189-TP-M,1.0
J0189-TP-L,1.0
SET258-KR-PP-XXXL,1.0
J0188-KR-XS,1.0
J0187-KR-XXXL,1.0
SET260-KR-PP-XXL,1.0
J0187-KR-XXL,1.0
J0187-KR-XS,1.0
J0187-KR-XL,1.0
J0187-KR-S,1.0
J0210-DR-XL1J0210-DR-XL,1.0
J0211-DR-XXXL,1.0
J0236-SKD-XS,1.0
SET242-KR-PP-M,1.0
SET238-KR-PP-XS,1.0
SET238-KR-PP-XXXL,1.0
SET239-KR-NP-S,1.0
SET239-KR-NP-XL,1.0
SET239-KR-NP-XXXL,1.0
SET240-KR-PP-L,1.0
J0234-SKD-XXL,1.0
SET240-KR-PP-XS,1.0
J0234-SKD-L,1.0
SET241-KR-PP-L,1.0
SET241-KR-PP-S,1.0
SET241-KR-PP-XL,1.0
SET242-KR-PP-L,1.0
SET242-KR-PP-S,1.0
SET247-KR-SHA-XXXL,1.0
SET242-KR-PP-XL,1.0
J0233-SKD-L,1.0
SET242-KR-PP-XXXL,1.0
J0232-SKD-XL,1.0
J0230-SKD-XL,1.0
SET243-KR-PP-XS,1.0
J0213-TP-S,1.0
J0212-DR-XXXL,1.0
J0212-DR-XS,1.0
SET247-KR-SHA-L,1.0
SET247-KR-SHA-M,1.0
SET247-KR-SHA-XL,1.0
SET247-KR-SHA-XXL,1.0
SET198-KR-NP-XXXL,1.0
J0350-SET-XS,1.0
J0352-KR-L,1.0
SET094-KR-NP-S,1.0
JNE3386-KR-XL,1.0
JNE3386-KR-M,1.0
JNE3386-KR-L,1.0
SET062-KR-SP-XXXL,1.0
JNE3373-KR-XXL,1.0
JNE3371-KR-XXXL,1.0
JNE3371-KR-XXL,1.0
JNE3371-KR-XL,1.0
JNE3371-KR-S,1.0
JNE3366-KR-1053-XS,1.0
SET083-KR-PP-S,1.0
SET083-KR-PP-XS,1.0
SET087-KR-PP-L,1.0
SET097-KR-PP-L,1.0
JNE3386-KR-XXL,1.0
SET097-KR-PP-M,1.0
SET097-KR-PP-S,1.0
JNE3348-KR-S,1.0
JNE3313-KR-XS,1.0
SET100-KR-PP-M,1.0
SET100-KR-PP-S,1.0
JNE3288-KR-XS,1.0
SET100-KR-PP-XXL,1.0
JNE3270-KR-XL,1.0
JNE3261-KR-XS,1.0
JNE3256-KR-XS,1.0
SET128-KR-DH-M,1.0
JNE3160-KR-XS,1.0
JNE3386-KR-XS,1.0
JNE3386-KR-XXXL,1.0
J0352-KR-S,1.0
JNE3408-KR-XL,1.0
SAR101-FREE,1.0
SAR105-FREE,1.0
SAR108-FREE,1.0
SAR110-FREE,1.0
SET014-KR-PP-S,1.0
JNE3428-KR-XXXL,1.0
JNE3427-KR-S,1.0
SET036-KR-NP-L,1.0
JNE3425-KR-XXL,1.0
JNE3415-KR-XXL,1.0
JNE3415-KR-M,1.0
JNE3415-KR-L,1.0
JNE3408-KR-XXXL,1.0
JNE3408-KR-M,1.0
JNE3388-KR-L,1.0
JNE3404-KR-XXXL,1.0
JNE3404-KR-XXL,1.0
SET043-KR-NP-XXL,1.0
JNE3404-KR-L,1.0
JNE3403-KR-M,1.0
SET053-KR-NP-L,1.0
SET053-KR-NP-M,1.0
SET053-KR-NP-S,1.0
SET053-KR-NP-XL,1.0
SET053-KR-NP-XXXL,1.0
JNE3390-KR-S,1.0
JNE3390-KR-M,1.0
JNE3390-KR-L,1.0
JNE3042-KR-XXXL,1.0
JNE3042-KR-XXL,1.0
SET130-KR-NP-XXXL,1.0
J0395-DR-S,1.0
JNE1978-KR-238-L,1.0
JNE1977-KR-237-XS,1.0
SET182-KR-DH-XS,1.0
JNE1525-KR-UDF19BLACK-XS,1.0
JNE1408-GREY-KR-UDF19-XS,1.0
JNE1234-MULTI-KR-032-XS,1.0
J0399-DR-XXL,1.0
SET183-KR-DH-XS,1.0
J0399-DR-XL,1.0
J0399-DR-L,1.0
J0396-DR-XS,1.0
J0396-DR-SC,1.0
J0396-DR-S,1.0
J0381-SKD-XL,1.0
SET131-KR-NP-XS,1.0
J0374-KR-L,1.0
SET188-KR-NP-XXXL,1.0
SET191-KR-PP-M,1.0
SET191-KR-PP-S,1.0
SET194-KR-NP-XXL,1.0
J0353-KR-XXL,1.0
J0353-KR-XL,1.0
SET195-KR-NP-XL,1.0
SET195-KR-NP-XXXL,1.0
J0353-KR-S,1.0
J0353-KR-M,1.0
J0353-KR-L,1.0
SET196-KR-NP-XL,1.0
JNE1978-KR-238-M,1.0
JNE1978-KR-238-S,1.0
JNE1978-KR-238-XL,1.0
JNE1978-KR-238-XS,1.0
JNE2305-KR-533-M,1.0
JNE2291-KR-602-XL,1.0
JNE2291-KR-602-L,1.0
JNE2270-KR-487-XS,1.0
JNE2265-KR-501-XL,1.0
SET145-KR-NP-S,1.0
JNE2199-KR-411-XS,1.0
JNE2199-KR-411-XL,1.0
SET145-KR-NP-XXXL,1.0
JNE2199-KR-411-S,1.0
JNE2199-KR-411-M,1.0
JNE2153-KR-278-XL,1.0
JNE2153-KR-278-L,1.0
JNE2132-KR-398-S,1.0
SET156-KR-NP-XXXL,1.0
SET158-KR-PP-L,1.0
JNE2113-KR-381-XXL,1.0
SET164-KR-NP-S,1.0
SET164-KR-NP-XL,1.0
SET164-KR-NP-XS,1.0
SET164-KR-NP-XXL,1.0
SET164-KR-NP-XXXL,1.0
JNE2113-KR-381-XL,1.0
JNE2113-KR-381-L,1.0
JNE1998-KR-311-XS,1.0
JNE1978-KR-238-XXXL,1.0
JNE1978-KR-238-XXL,1.0
AN202-ORANGE-L,1.0
